"","citizenship","southwest_border","nationwide_total","fiscal_year","n"
"1","AFGHANISTAN","1","2",2007,154
"2","ALBANIA","8","21",2007,154
"3","ALGERIA","1","1",2007,154
"4","ANGOLA","1","1",2007,154
"5","ANTIGUA-BARBUDA","0","4",2007,154
"6","ARGENTINA","64","82",2007,154
"7","ARMENIA","5","7",2007,154
"8","AUSTRALIA","2","5",2007,154
"9","AUSTRIA","0","1",2007,154
"10","AZERBAIJAN","0","1",2007,154
"11","BAHAMAS","3","15",2007,154
"12","BANGLADESH","23","36",2007,154
"13","BARBADOS","0","1",2007,154
"14","BELARUS","1","4",2007,154
"15","BELGIUM","1","2",2007,154
"16","BELIZE","43","53",2007,154
"17","BENIN","0","2",2007,154
"18","BHUTAN","0","1",2007,154
"19","BOLIVIA","76","92",2007,154
"20","BOSNIA-HERZEGOVINA","3","3",2007,154
"21","BRAZIL","1008","1214",2007,154
"22","BULGARIA","10","17",2007,154
"23","BURKINA FASO","1","1",2007,154
"24","BURMA","7","11",2007,154
"25","CAMBODIA","3","3",2007,154
"26","CAMEROON","2","5",2007,154
"27","CANADA","15","554",2007,154
"28","CAPE VERDE","0","3",2007,154
"29","CENTRAL AFRICAN REPUBLIC","1","1",2007,154
"30","CHILE","56","66",2007,154
"31","CHINA, PEOPLES REPUBLIC OF","730","837",2007,154
"32","COLOMBIA","302","467",2007,154
"33","CONGO","2","13",2007,154
"34","COSTA RICA","149","192",2007,154
"35","CROATIA","1","2",2007,154
"36","CUBA","131","4296",2007,154
"37","CZECH REPUBLIC","10","15",2007,154
"38","CZECHOSLOVAKIA","1","8",2007,154
"39","DOMINICA","0","3",2007,154
"40","DOMINICAN REPUBLIC","194","561",2007,154
"41","ECUADOR","769","957",2007,154
"42","EGYPT","2","9",2007,154
"43","EL SALVADOR","13602","14112",2007,154
"44","ERITREA","88","88",2007,154
"45","ESTONIA","1","2",2007,154
"46","ETHIOPIA","46","46",2007,154
"47","FRANCE","9","15",2007,154
"48","GABON","0","2",2007,154
"49","GAMBIA","2","5",2007,154
"50","GEORGIA","1","5",2007,154
"51","GERMANY","6","11",2007,154
"52","GHANA","6","31",2007,154
"53","GREECE","1","2",2007,154
"54","GRENADA","1","3",2007,154
"55","GUAM","1","1",2007,154
"56","GUATEMALA","16307","17338",2007,154
"57","GUINEA","2","7",2007,154
"58","GUYANA","7","27",2007,154
"59","HAITI","80","311",2007,154
"60","HONDURAS","21703","22907",2007,154
"61","HONG KONG","0","6",2007,154
"62","HUNGARY","5","9",2007,154
"63","ICELAND","0","3",2007,154
"64","INDIA","76","188",2007,154
"65","INDONESIA","12","34",2007,154
"66","IRAN","12","16",2007,154
"67","IRAQ","15","17",2007,154
"68","IRELAND","0","7",2007,154
"69","ISRAEL","18","36",2007,154
"70","ITALY","3","7",2007,154
"71","IVORY COAST","3","6",2007,154
"72","JAMAICA","26","116",2007,154
"73","JAPAN","5","6",2007,154
"74","JORDAN","8","21",2007,154
"75","KAZAKHSTAN","2","7",2007,154
"76","KENYA","9","19",2007,154
"77","KOREA","18","25",2007,154
"78","KUWAIT","2","2",2007,154
"79","LAOS","4","5",2007,154
"80","LATVIA","1","3",2007,154
"81","LEBANON","8","14",2007,154
"82","LIBERIA","7","9",2007,154
"83","LITHUANIA","7","8",2007,154
"84","MACEDONIA","7","9",2007,154
"85","MALAWI","0","2",2007,154
"86","MALAYSIA","2","3",2007,154
"87","MALI","0","7",2007,154
"88","MAURITANIA","3","3",2007,154
"89","MAURITIUS","0","1",2007,154
"90","MEXICO","800634","808688",2007,154
"91","MOLDOVA","0","3",2007,154
"92","MOROCCO","1","8",2007,154
"93","NEPAL","4","5",2007,154
"94","NETHERLANDS","3","6",2007,154
"95","NEW ZEALAND","3","4",2007,154
"96","NICARAGUA","1484","1644",2007,154
"97","NIGER","1","6",2007,154
"98","NIGERIA","12","35",2007,154
"99","NORTH KOREA","3","3",2007,154
"100","NORWAY","2","2",2007,154
"101","PAKISTAN","3","28",2007,154
"102","PALAU","0","1",2007,154
"103","PANAMA","16","34",2007,154
"104","PAPUA NEW GUINEA","0","2",2007,154
"105","PARAGUAY","12","14",2007,154
"106","PERU","254","331",2007,154
"107","PHILIPPINES","54","69",2007,154
"108","POLAND","22","60",2007,154
"109","PORTUGAL","1","5",2007,154
"110","ROMANIA","65","82",2007,154
"111","RUSSIA","10","31",2007,154
"112","RWANDA","0","2",2007,154
"113","SAO TOME AND PRINCIPE","1","1",2007,154
"114","SAUDI ARABIA","3","5",2007,154
"115","SENEGAL","0","6",2007,154
"116","SERBIA AND MONTENEGRO","18","24",2007,154
"117","SINGAPORE","1","1",2007,154
"118","SLOVAKIA","1","1",2007,154
"119","SOMALIA","28","34",2007,154
"120","SOUTH AFRICA","5","8",2007,154
"121","SOUTH KOREA","22","67",2007,154
"122","SPAIN","8","8",2007,154
"123","SRI LANKA","4","14",2007,154
"124","ST. KITTS-NEVIS","0","2",2007,154
"125","ST. LUCIA","0","3",2007,154
"126","ST. VINCENT-GRENADINES","0","1",2007,154
"127","STATELESS","0","1",2007,154
"128","SUDAN","0","3",2007,154
"129","SURINAME","1","2",2007,154
"130","SWEDEN","0","6",2007,154
"131","SWITZERLAND","2","2",2007,154
"132","SYRIA","3","3",2007,154
"133","TAIWAN","3","7",2007,154
"134","TAJIKISTAN","0","2",2007,154
"135","TANZANIA","6","9",2007,154
"136","THAILAND","5","8",2007,154
"137","TOGO","0","1",2007,154
"138","TONGA","4","4",2007,154
"139","TRINIDAD AND TOBAGO","7","33",2007,154
"140","TUNISIA","1","2",2007,154
"141","TURKEY","16","27",2007,154
"142","TURKMENISTAN","0","2",2007,154
"143","UGANDA","3","5",2007,154
"144","UKRAINE","6","17",2007,154
"145","UNITED KINGDOM","12","21",2007,154
"146","UNKNOWN","6","7",2007,154
"147","URUGUAY","30","58",2007,154
"148","UZBEKISTAN","1","13",2007,154
"149","VENEZUELA","60","91",2007,154
"150","VIETNAM","7","9",2007,154
"151","YEMEN","0","2",2007,154
"152","YUGOSLAVIA","45","49",2007,154
"153","ZAMBIA","2","7",2007,154
"154","ZIMBABWE","2","4",2007,154
"155","AFGHANISTAN","4","6",2008,155
"156","ALBANIA","15","26",2008,155
"157","ALGERIA","1","3",2008,155
"158","ANGOLA","0","2",2008,155
"159","ANTIGUA-BARBUDA","1","2",2008,155
"160","ARGENTINA","49","66",2008,155
"161","ARMENIA","20","22",2008,155
"162","AUSTRALIA","4","6",2008,155
"163","AUSTRIA","1","2",2008,155
"164","BAHAMAS","2","21",2008,155
"165","BANGLADESH","7","20",2008,155
"166","BARBADOS","0","1",2008,155
"167","BELARUS","0","2",2008,155
"168","BELIZE","59","71",2008,155
"169","BENIN","1","3",2008,155
"170","BERMUDA","1","2",2008,155
"171","BHUTAN","3","3",2008,155
"172","BOLIVIA","54","74",2008,155
"173","BOSNIA-HERZEGOVINA","3","4",2008,155
"174","BOTSWANA","1","3",2008,155
"175","BRAZIL","711","976",2008,155
"176","BULGARIA","11","18",2008,155
"177","BURKINA FASO","0","4",2008,155
"178","BURMA","9","12",2008,155
"179","CAMBODIA","1","5",2008,155
"180","CAMEROON","3","7",2008,155
"181","CANADA","10","609",2008,155
"182","CAPE VERDE","0","3",2008,155
"183","CHAD","0","3",2008,155
"184","CHILE","45","60",2008,155
"185","CHINA, PEOPLES REPUBLIC OF","702","836",2008,155
"186","COLOMBIA","215","431",2008,155
"187","CONGO","2","7",2008,155
"188","COSTA RICA","137","181",2008,155
"189","CROATIA","0","1",2008,155
"190","CUBA","132","3351",2008,155
"191","CYPRUS","1","1",2008,155
"192","CZECH REPUBLIC","5","20",2008,155
"193","CZECHOSLOVAKIA","0","4",2008,155
"194","DEM REP OF THE CONGO","0","4",2008,155
"195","DENMARK","0","1",2008,155
"196","DJIBOUTI","0","2",2008,155
"197","DOMINICA","0","12",2008,155
"198","DOMINICAN REPUBLIC","318","819",2008,155
"199","ECUADOR","1384","1579",2008,155
"200","EGYPT","4","17",2008,155
"201","EL SALVADOR","12133","12683",2008,155
"202","ERITREA","183","184",2008,155
"203","ESTONIA","1","3",2008,155
"204","ETHIOPIA","51","56",2008,155
"205","FIJI","3","6",2008,155
"206","FRANCE","6","18",2008,155
"207","GABON","1","3",2008,155
"208","GAMBIA","1","7",2008,155
"209","GEORGIA","16","23",2008,155
"210","GERMANY","9","12",2008,155
"211","GHANA","8","43",2008,155
"212","GREECE","2","6",2008,155
"213","GRENADA","0","2",2008,155
"214","GUADELOUPE","1","1",2008,155
"215","GUATEMALA","15143","16396",2008,155
"216","GUINEA","3","16",2008,155
"217","GUYANA","7","22",2008,155
"218","HAITI","20","227",2008,155
"219","HONDURAS","18110","19346",2008,155
"220","HONG KONG","2","4",2008,155
"221","HUNGARY","2","9",2008,155
"222","ICELAND","0","1",2008,155
"223","INDIA","77","173",2008,155
"224","INDONESIA","8","26",2008,155
"225","IRAN","9","11",2008,155
"226","IRAQ","4","9",2008,155
"227","IRELAND","4","13",2008,155
"228","ISRAEL","16","46",2008,155
"229","ITALY","10","19",2008,155
"230","IVORY COAST","2","6",2008,155
"231","JAMAICA","23","160",2008,155
"232","JAPAN","4","9",2008,155
"233","JORDAN","6","20",2008,155
"234","KAZAKHSTAN","0","2",2008,155
"235","KENYA","11","27",2008,155
"236","KOREA","10","29",2008,155
"237","KUWAIT","2","2",2008,155
"238","LAOS","4","11",2008,155
"239","LATVIA","0","3",2008,155
"240","LEBANON","5","15",2008,155
"241","LIBERIA","1","7",2008,155
"242","LITHUANIA","4","16",2008,155
"243","MACEDONIA","8","12",2008,155
"244","MALAYSIA","2","7",2008,155
"245","MALI","1","6",2008,155
"246","MAURITANIA","0","3",2008,155
"247","MEXICO","653035","661766",2008,155
"248","MOLDOVA","4","20",2008,155
"249","MONGOLIA","1","3",2008,155
"250","MONTSERRAT","0","1",2008,155
"251","MOROCCO","1","13",2008,155
"252","MOZAMBIQUE","0","1",2008,155
"253","NEPAL","36","45",2008,155
"254","NETHERLANDS","6","10",2008,155
"255","NEW ZEALAND","1","8",2008,155
"256","NICARAGUA","1327","1466",2008,155
"257","NIGER","0","1",2008,155
"258","NIGERIA","13","42",2008,155
"259","NORTH KOREA","0","1",2008,155
"260","NORWAY","0","1",2008,155
"261","PAKISTAN","14","42",2008,155
"262","PANAMA","27","35",2008,155
"263","PAPUA NEW GUINEA","0","1",2008,155
"264","PARAGUAY","6","9",2008,155
"265","PERU","285","372",2008,155
"266","PHILIPPINES","42","99",2008,155
"267","POLAND","14","84",2008,155
"268","PORTUGAL","4","13",2008,155
"269","ROMANIA","47","66",2008,155
"270","RUSSIA","10","57",2008,155
"271","RWANDA","1","4",2008,155
"272","SENEGAL","2","9",2008,155
"273","SERBIA AND MONTENEGRO","20","27",2008,155
"274","SIERRA LEONE","1","7",2008,155
"275","SINGAPORE","0","1",2008,155
"276","SLOVAKIA","2","6",2008,155
"277","SOMALIA","15","18",2008,155
"278","SOUTH AFRICA","7","18",2008,155
"279","SOUTH KOREA","30","49",2008,155
"280","SPAIN","1","3",2008,155
"281","SRI LANKA","34","47",2008,155
"282","ST. LUCIA","1","15",2008,155
"283","ST. VINCENT-GRENADINES","0","6",2008,155
"284","SUDAN","2","7",2008,155
"285","SWEDEN","1","3",2008,155
"286","SWITZERLAND","1","1",2008,155
"287","SYRIA","0","1",2008,155
"288","TAIWAN","4","10",2008,155
"289","TAJIKISTAN","0","1",2008,155
"290","TANZANIA","2","6",2008,155
"291","THAILAND","7","19",2008,155
"292","TOGO","1","5",2008,155
"293","TONGA","0","2",2008,155
"294","TRINIDAD AND TOBAGO","4","48",2008,155
"295","TUNISIA","1","6",2008,155
"296","TURKEY","30","51",2008,155
"297","TURKS AND CAICOS ISLANDS","0","3",2008,155
"298","UGANDA","1","4",2008,155
"299","UKRAINE","4","35",2008,155
"300","UNITED KINGDOM","12","32",2008,155
"301","UNKNOWN","7","8",2008,155
"302","URUGUAY","27","44",2008,155
"303","UZBEKISTAN","5","14",2008,155
"304","VENEZUELA","48","78",2008,155
"305","VIETNAM","12","30",2008,155
"306","YEMEN","0","7",2008,155
"307","YUGOSLAVIA","18","28",2008,155
"308","ZAMBIA","1","4",2008,155
"309","ZIMBABWE","1","10",2008,155
"310","AFGHANISTAN","2","4",2009,161
"311","ALBANIA","20","39",2009,161
"312","ALGERIA","4","7",2009,161
"313","ANGOLA","0","1",2009,161
"314","ANTIGUA-BARBUDA","1","2",2009,161
"315","ARGENTINA","45","77",2009,161
"316","ARMENIA","6","9",2009,161
"317","ARUBA","1","1",2009,161
"318","AUSTRALIA","2","6",2009,161
"319","AUSTRIA","0","1",2009,161
"320","AZERBAIJAN","1","2",2009,161
"321","BAHAMAS","1","13",2009,161
"322","BAHRAIN","0","1",2009,161
"323","BANGLADESH","41","60",2009,161
"324","BARBADOS","2","4",2009,161
"325","BELARUS","1","4",2009,161
"326","BELGIUM","0","1",2009,161
"327","BELIZE","59","64",2009,161
"328","BERMUDA","0","1",2009,161
"329","BHUTAN","0","2",2009,161
"330","BOLIVIA","26","52",2009,161
"331","BOSNIA-HERZEGOVINA","1","2",2009,161
"332","BRAZIL","575","798",2009,161
"333","BULGARIA","5","20",2009,161
"334","BURKINA FASO","1","3",2009,161
"335","BURMA","1","4",2009,161
"336","BURUNDI","0","3",2009,161
"337","CAMBODIA","4","8",2009,161
"338","CAMEROON","9","21",2009,161
"339","CANADA","10","488",2009,161
"340","CAPE VERDE","0","1",2009,161
"341","CHAD","0","1",2009,161
"342","CHILE","35","43",2009,161
"343","CHINA, PEOPLES REPUBLIC OF","1358","1499",2009,161
"344","COLOMBIA","233","420",2009,161
"345","CONGO","3","5",2009,161
"346","COSTA RICA","145","174",2009,161
"347","CUBA","105","910",2009,161
"348","CYPRUS","0","1",2009,161
"349","CZECH REPUBLIC","3","10",2009,161
"350","CZECHOSLOVAKIA","0","3",2009,161
"351","DEM REP OF THE CONGO","0","4",2009,161
"352","DENMARK","0","2",2009,161
"353","DOMINICA","0","10",2009,161
"354","DOMINICAN REPUBLIC","486","864",2009,161
"355","ECUADOR","1169","1313",2009,161
"356","EGYPT","1","14",2009,161
"357","EL SALVADOR","11181","11696",2009,161
"358","EQUATORIAL GUINEA","1","2",2009,161
"359","ERITREA","171","174",2009,161
"360","ESTONIA","1","2",2009,161
"361","ETHIOPIA","80","85",2009,161
"362","FRANCE","1","11",2009,161
"363","GABON","0","5",2009,161
"364","GAMBIA","3","7",2009,161
"365","GEORGIA","22","37",2009,161
"366","GERMANY","9","19",2009,161
"367","GHANA","14","46",2009,161
"368","GREECE","1","5",2009,161
"369","GRENADA","0","8",2009,161
"370","GUADELOUPE","1","1",2009,161
"371","GUATEMALA","14125","15583",2009,161
"372","GUINEA","1","3",2009,161
"373","GUYANA","0","19",2009,161
"374","HAITI","78","211",2009,161
"375","HONDURAS","13344","14626",2009,161
"376","HONG KONG","1","4",2009,161
"377","HUNGARY","5","19",2009,161
"378","INDIA","99","204",2009,161
"379","INDONESIA","10","35",2009,161
"380","IRAN","10","15",2009,161
"381","IRAQ","10","16",2009,161
"382","IRELAND","3","12",2009,161
"383","ISRAEL","15","56",2009,161
"384","ITALY","7","11",2009,161
"385","IVORY COAST","0","2",2009,161
"386","JAMAICA","42","174",2009,161
"387","JAPAN","5","10",2009,161
"388","JORDAN","6","11",2009,161
"389","KAZAKHSTAN","1","3",2009,161
"390","KENYA","9","18",2009,161
"391","KOREA","9","10",2009,161
"392","KOSOVO","8","11",2009,161
"393","KUWAIT","2","2",2009,161
"394","KYRGYZSTAN","2","4",2009,161
"395","LAOS","7","8",2009,161
"396","LATVIA","2","2",2009,161
"397","LEBANON","6","9",2009,161
"398","LIBERIA","2","6",2009,161
"399","LITHUANIA","1","7",2009,161
"400","MACEDONIA","10","17",2009,161
"401","MALAYSIA","0","2",2009,161
"402","MALI","0","4",2009,161
"403","MARSHALL ISLANDS","2","3",2009,161
"404","MAURITANIA","0","3",2009,161
"405","MEXICO","495582","503386",2009,161
"406","MOLDOVA","4","20",2009,161
"407","MONGOLIA","4","8",2009,161
"408","MONTSERRAT","0","1",2009,161
"409","MOROCCO","1","10",2009,161
"410","NEPAL","48","57",2009,161
"411","NETHERLANDS","1","2",2009,161
"412","NEW ZEALAND","2","2",2009,161
"413","NICARAGUA","841","973",2009,161
"414","NIGER","0","3",2009,161
"415","NIGERIA","14","29",2009,161
"416","NORWAY","1","1",2009,161
"417","PAKISTAN","19","41",2009,161
"418","PANAMA","21","36",2009,161
"419","PARAGUAY","11","14",2009,161
"420","PERU","242","368",2009,161
"421","PHILIPPINES","32","67",2009,161
"422","POLAND","11","60",2009,161
"423","PORTUGAL","1","7",2009,161
"424","PUERTO RICO","2","2",2009,161
"425","ROMANIA","64","79",2009,161
"426","RUSSIA","14","57",2009,161
"427","RWANDA","1","4",2009,161
"428","SAMOA","1","1",2009,161
"429","SAUDI ARABIA","1","1",2009,161
"430","SENEGAL","1","11",2009,161
"431","SERBIA AND MONTENEGRO","5","17",2009,161
"432","SIERRA LEONE","1","7",2009,161
"433","SINGAPORE","1","2",2009,161
"434","SLOVAKIA","1","3",2009,161
"435","SOMALIA","12","19",2009,161
"436","SOUTH AFRICA","6","18",2009,161
"437","SOUTH KOREA","28","45",2009,161
"438","SPAIN","8","14",2009,161
"439","SRI LANKA","44","69",2009,161
"440","ST. KITTS-NEVIS","0","1",2009,161
"441","ST. LUCIA","0","6",2009,161
"442","ST. VINCENT-GRENADINES","1","14",2009,161
"443","SUDAN","6","6",2009,161
"444","SURINAME","0","1",2009,161
"445","SWEDEN","1","2",2009,161
"446","SYRIA","0","3",2009,161
"447","TAIWAN","4","8",2009,161
"448","TAJIKISTAN","0","6",2009,161
"449","TANZANIA","1","11",2009,161
"450","THAILAND","9","16",2009,161
"451","TOGO","1","2",2009,161
"452","TONGA","2","2",2009,161
"453","TRINIDAD AND TOBAGO","5","38",2009,161
"454","TUNISIA","0","1",2009,161
"455","TURKEY","10","19",2009,161
"456","TURKMENISTAN","0","1",2009,161
"457","TURKS AND CAICOS ISLANDS","1","1",2009,161
"458","UGANDA","0","4",2009,161
"459","UKRAINE","4","31",2009,161
"460","UNITED ARAB EMIRATES","1","1",2009,161
"461","UNITED KINGDOM","18","34",2009,161
"462","UNKNOWN","10","15",2009,161
"463","URUGUAY","24","43",2009,161
"464","UZBEKISTAN","6","17",2009,161
"465","VENEZUELA","32","67",2009,161
"466","VIETNAM","20","29",2009,161
"467","YEMEN","3","13",2009,161
"468","YUGOSLAVIA","15","18",2009,161
"469","ZAMBIA","0","2",2009,161
"470","ZIMBABWE","3","5",2009,161
"471","AFGHANISTAN","6","9",2010,158
"472","ALBANIA","21","42",2010,158
"473","ALGERIA","1","5",2010,158
"474","ANGOLA","0","2",2010,158
"475","ANTIGUA-BARBUDA","0","2",2010,158
"476","ARGENTINA","36","62",2010,158
"477","ARMENIA","5","7",2010,158
"478","AUSTRALIA","2","5",2010,158
"479","AUSTRIA","1","1",2010,158
"480","BAHAMAS","1","16",2010,158
"481","BANGLADESH","93","123",2010,158
"482","BARBADOS","0","5",2010,158
"483","BELARUS","0","6",2010,158
"484","BELIZE","44","57",2010,158
"485","BENIN","0","3",2010,158
"486","BERMUDA","0","1",2010,158
"487","BOLIVIA","52","66",2010,158
"488","BOSNIA-HERZEGOVINA","0","1",2010,158
"489","BRAZIL","601","812",2010,158
"490","BULGARIA","4","12",2010,158
"491","BURKINA FASO","1","6",2010,158
"492","BURMA","4","11",2010,158
"493","CAMBODIA","7","12",2010,158
"494","CAMEROON","9","18",2010,158
"495","CANADA","24","690",2010,158
"496","CAPE VERDE","0","2",2010,158
"497","CENTRAL AFRICAN REPUBLIC","1","1",2010,158
"498","CHILE","22","38",2010,158
"499","CHINA, PEOPLES REPUBLIC OF","1024","1157",2010,158
"500","COLOMBIA","307","517",2010,158
"501","CONGO","1","9",2010,158
"502","COSTA RICA","141","185",2010,158
"503","CUBA","84","712",2010,158
"504","CZECH REPUBLIC","4","22",2010,158
"505","DENMARK","0","1",2010,158
"506","DOMINICA","0","2",2010,158
"507","DOMINICAN REPUBLIC","1060","1330",2010,158
"508","ECUADOR","1571","1777",2010,158
"509","EGYPT","2","10",2010,158
"510","EL SALVADOR","13123","13723",2010,158
"511","ERITREA","149","153",2010,158
"512","ESTONIA","0","1",2010,158
"513","ETHIOPIA","44","48",2010,158
"514","FIJI","0","1",2010,158
"515","FINLAND","1","2",2010,158
"516","FRANCE","7","13",2010,158
"517","GAMBIA","1","7",2010,158
"518","GEORGIA","3","13",2010,158
"519","GERMANY","3","15",2010,158
"520","GHANA","9","34",2010,158
"521","GREECE","0","5",2010,158
"522","GRENADA","0","1",2010,158
"523","GUAM","1","1",2010,158
"524","GUATEMALA","16831","18406",2010,158
"525","GUINEA","1","8",2010,158
"526","GUYANA","6","20",2010,158
"527","HAITI","89","419",2010,158
"528","HONDURAS","12231","13580",2010,158
"529","HONG KONG","0","1",2010,158
"530","HUNGARY","4","18",2010,158
"531","INDIA","1049","1221",2010,158
"532","INDONESIA","4","15",2010,158
"533","IRAN","13","14",2010,158
"534","IRAQ","10","17",2010,158
"535","IRELAND","4","13",2010,158
"536","ISRAEL","18","38",2010,158
"537","ITALY","4","11",2010,158
"538","IVORY COAST","2","13",2010,158
"539","JAMAICA","54","244",2010,158
"540","JAPAN","3","6",2010,158
"541","JORDAN","4","17",2010,158
"542","KAZAKHSTAN","1","10",2010,158
"543","KENYA","5","21",2010,158
"544","KOREA","1","1",2010,158
"545","KOSOVO","4","6",2010,158
"546","KUWAIT","1","1",2010,158
"547","KYRGYZSTAN","1","3",2010,158
"548","LAOS","7","12",2010,158
"549","LATVIA","0","7",2010,158
"550","LEBANON","4","11",2010,158
"551","LIBERIA","0","3",2010,158
"552","LIBYA","3","3",2010,158
"553","LITHUANIA","1","8",2010,158
"554","MACEDONIA","3","7",2010,158
"555","MALAWI","1","3",2010,158
"556","MALAYSIA","4","13",2010,158
"557","MALI","1","6",2010,158
"558","MARSHALL ISLANDS","0","1",2010,158
"559","MAURITANIA","0","2",2010,158
"560","MEXICO","396819","404365",2010,158
"561","MICRONESIA, FEDERATED STATES OF","0","1",2010,158
"562","MOLDOVA","6","17",2010,158
"563","MONGOLIA","5","13",2010,158
"564","MOROCCO","1","6",2010,158
"565","MOZAMBIQUE","0","1",2010,158
"566","NAMIBIA","0","1",2010,158
"567","NEPAL","136","146",2010,158
"568","NETHERLANDS","5","7",2010,158
"569","NETHERLANDS ANTILLES","0","1",2010,158
"570","NEW ZEALAND","3","5",2010,158
"571","NICARAGUA","760","909",2010,158
"572","NIGER","1","3",2010,158
"573","NIGERIA","11","38",2010,158
"574","PAKISTAN","17","37",2010,158
"575","PANAMA","14","24",2010,158
"576","PARAGUAY","10","12",2010,158
"577","PERU","288","410",2010,158
"578","PHILIPPINES","44","102",2010,158
"579","POLAND","6","100",2010,158
"580","PORTUGAL","0","9",2010,158
"581","QATAR","1","1",2010,158
"582","ROMANIA","384","412",2010,158
"583","RUSSIA","11","52",2010,158
"584","RWANDA","0","1",2010,158
"585","SAUDI ARABIA","3","5",2010,158
"586","SENEGAL","1","10",2010,158
"587","SERBIA AND MONTENEGRO","4","13",2010,158
"588","SIERRA LEONE","1","8",2010,158
"589","SINGAPORE","0","2",2010,158
"590","SLOVAKIA","2","14",2010,158
"591","SLOVENIA","1","1",2010,158
"592","SOMALIA","5","9",2010,158
"593","SOUTH AFRICA","8","21",2010,158
"594","SOUTH KOREA","32","47",2010,158
"595","SPAIN","2","8",2010,158
"596","SRI LANKA","173","203",2010,158
"597","ST. KITTS-NEVIS","0","3",2010,158
"598","ST. LUCIA","2","12",2010,158
"599","ST. VINCENT-GRENADINES","0","6",2010,158
"600","STATELESS","0","1",2010,158
"601","SUDAN","2","5",2010,158
"602","SURINAME","0","2",2010,158
"603","SWEDEN","1","4",2010,158
"604","SYRIA","3","5",2010,158
"605","TAIWAN","1","5",2010,158
"606","TAJIKISTAN","0","2",2010,158
"607","TANZANIA","0","3",2010,158
"608","THAILAND","6","21",2010,158
"609","TOGO","0","3",2010,158
"610","TONGA","1","1",2010,158
"611","TRINIDAD AND TOBAGO","4","60",2010,158
"612","TUNISIA","1","1",2010,158
"613","TURKEY","15","33",2010,158
"614","TURKS AND CAICOS ISLANDS","0","3",2010,158
"615","UGANDA","0","3",2010,158
"616","UKRAINE","6","39",2010,158
"617","UNITED ARAB EMIRATES","1","1",2010,158
"618","UNITED KINGDOM","19","40",2010,158
"619","UNKNOWN","11","14",2010,158
"620","URUGUAY","16","22",2010,158
"621","USSR","1","1",2010,158
"622","UZBEKISTAN","4","21",2010,158
"623","VENEZUELA","35","77",2010,158
"624","VIETNAM","7","16",2010,158
"625","YEMEN","1","11",2010,158
"626","YUGOSLAVIA","3","8",2010,158
"627","ZAMBIA","0","5",2010,158
"628","ZIMBABWE","3","7",2010,158
"629","AFGHANISTAN","1","2",2011,165
"630","ALBANIA","38","52",2011,165
"631","ALGERIA","1","1",2011,165
"632","ANGOLA","1","5",2011,165
"633","ANTIGUA-BARBUDA","0","3",2011,165
"634","ARGENTINA","26","51",2011,165
"635","ARMENIA","5","7",2011,165
"636","AUSTRALIA","2","6",2011,165
"637","AUSTRIA","3","3",2011,165
"638","AZERBAIJAN","1","3",2011,165
"639","BAHAMAS","2","25",2011,165
"640","BAHRAIN","1","1",2011,165
"641","BANGLADESH","76","85",2011,165
"642","BARBADOS","0","5",2011,165
"643","BELARUS","0","7",2011,165
"644","BELGIUM","3","3",2011,165
"645","BELIZE","42","54",2011,165
"646","BENIN","1","1",2011,165
"647","BHUTAN","1","2",2011,165
"648","BOLIVIA","18","42",2011,165
"649","BOSNIA-HERZEGOVINA","1","3",2011,165
"650","BOTSWANA","0","1",2011,165
"651","BRAZIL","284","472",2011,165
"652","BULGARIA","5","20",2011,165
"653","BURKINA FASO","0","2",2011,165
"654","BURMA","0","1",2011,165
"655","BURUNDI","0","2",2011,165
"656","CAMBODIA","4","5",2011,165
"657","CAMEROON","3","13",2011,165
"658","CANADA","14","403",2011,165
"659","CAPE VERDE","1","2",2011,165
"660","CHAD","0","1",2011,165
"661","CHILE","28","45",2011,165
"662","CHINA, PEOPLES REPUBLIC OF","858","935",2011,165
"663","COLOMBIA","217","348",2011,165
"664","CONGO","0","7",2011,165
"665","COSTA RICA","70","102",2011,165
"666","CROATIA","2","6",2011,165
"667","CUBA","66","959",2011,165
"668","CZECH REPUBLIC","3","13",2011,165
"669","CZECHOSLOVAKIA","0","2",2011,165
"670","DEM REP OF THE CONGO","0","1",2011,165
"671","DENMARK","1","2",2011,165
"672","DJIBOUTI","0","2",2011,165
"673","DOMINICA","2","5",2011,165
"674","DOMINICAN REPUBLIC","335","846",2011,165
"675","ECUADOR","1064","1264",2011,165
"676","EGYPT","5","19",2011,165
"677","EL SALVADOR","10368","10874",2011,165
"678","EQUATORIAL GUINEA","1","1",2011,165
"679","ERITREA","22","22",2011,165
"680","ESTONIA","0","4",2011,165
"681","ETHIOPIA","13","15",2011,165
"682","FIJI","0","1",2011,165
"683","FINLAND","1","1",2011,165
"684","FRANCE","7","15",2011,165
"685","GABON","0","2",2011,165
"686","GAMBIA","0","11",2011,165
"687","GEORGIA","0","9",2011,165
"688","GERMANY","9","16",2011,165
"689","GHANA","12","48",2011,165
"690","GREECE","0","4",2011,165
"691","GRENADA","2","6",2011,165
"692","GUATEMALA","17582","19061",2011,165
"693","GUINEA","1","14",2011,165
"694","GUYANA","5","22",2011,165
"695","HAITI","36","114",2011,165
"696","HONDURAS","11270","12197",2011,165
"697","HUNGARY","2","14",2011,165
"698","INDIA","2414","2576",2011,165
"699","INDONESIA","1","8",2011,165
"700","IRAN","20","25",2011,165
"701","IRAQ","2","4",2011,165
"702","IRELAND","4","9",2011,165
"703","ISRAEL","17","55",2011,165
"704","ITALY","5","10",2011,165
"705","IVORY COAST","0","4",2011,165
"706","JAMAICA","28","171",2011,165
"707","JAPAN","3","10",2011,165
"708","JORDAN","4","20",2011,165
"709","KAZAKHSTAN","2","5",2011,165
"710","KENYA","11","21",2011,165
"711","KOREA","1","8",2011,165
"712","KOSOVO","6","11",2011,165
"713","KUWAIT","1","1",2011,165
"714","KYRGYZSTAN","0","4",2011,165
"715","LAOS","4","9",2011,165
"716","LATVIA","0","3",2011,165
"717","LEBANON","3","9",2011,165
"718","LIBERIA","2","6",2011,165
"719","LIBYA","0","3",2011,165
"720","LITHUANIA","1","4",2011,165
"721","MACEDONIA","2","8",2011,165
"722","MALAWI","1","1",2011,165
"723","MALAYSIA","1","8",2011,165
"724","MALI","0","4",2011,165
"725","MALTA","0","1",2011,165
"726","MAURITANIA","1","3",2011,165
"727","MAURITIUS","1","1",2011,165
"728","MEXICO","280580","286154",2011,165
"729","MOLDOVA","2","29",2011,165
"730","MONGOLIA","2","7",2011,165
"731","MONTENEGRO","1","1",2011,165
"732","MONTSERRAT","0","1",2011,165
"733","MOROCCO","2","10",2011,165
"734","NAMIBIA","0","1",2011,165
"735","NEPAL","71","82",2011,165
"736","NETHERLANDS","2","3",2011,165
"737","NEW ZEALAND","5","6",2011,165
"738","NICARAGUA","520","644",2011,165
"739","NIGER","0","1",2011,165
"740","NIGERIA","17","49",2011,165
"741","PAKISTAN","36","64",2011,165
"742","PALAU","1","1",2011,165
"743","PANAMA","9","18",2011,165
"744","PARAGUAY","7","10",2011,165
"745","PERU","258","362",2011,165
"746","PHILIPPINES","41","71",2011,165
"747","POLAND","11","47",2011,165
"748","PORTUGAL","2","7",2011,165
"749","ROMANIA","575","609",2011,165
"750","RUSSIA","16","74",2011,165
"751","SAUDI ARABIA","3","4",2011,165
"752","SENEGAL","1","11",2011,165
"753","SERBIA","0","1",2011,165
"754","SERBIA AND MONTENEGRO","0","3",2011,165
"755","SIERRA LEONE","0","1",2011,165
"756","SINGAPORE","0","1",2011,165
"757","SLOVAKIA","1","4",2011,165
"758","SOMALIA","5","10",2011,165
"759","SOUTH AFRICA","4","16",2011,165
"760","SOUTH KOREA","21","41",2011,165
"761","SPAIN","4","9",2011,165
"762","SRI LANKA","214","235",2011,165
"763","ST. KITTS-NEVIS","0","3",2011,165
"764","ST. LUCIA","0","6",2011,165
"765","ST. VINCENT-GRENADINES","1","4",2011,165
"766","STATELESS","0","1",2011,165
"767","SUDAN","2","6",2011,165
"768","SWEDEN","2","3",2011,165
"769","SWITZERLAND","1","1",2011,165
"770","SYRIA","3","9",2011,165
"771","TAIWAN","0","7",2011,165
"772","TAJIKISTAN","2","13",2011,165
"773","TANZANIA","0","6",2011,165
"774","THAILAND","6","17",2011,165
"775","TOGO","1","3",2011,165
"776","TRINIDAD AND TOBAGO","6","51",2011,165
"777","TUNISIA","4","7",2011,165
"778","TURKEY","5","25",2011,165
"779","TURKMENISTAN","1","1",2011,165
"780","UGANDA","0","4",2011,165
"781","UKRAINE","3","30",2011,165
"782","UNITED ARAB EMIRATES","1","1",2011,165
"783","UNITED KINGDOM","12","28",2011,165
"784","UNKNOWN","1","4",2011,165
"785","URUGUAY","17","33",2011,165
"786","USSR","0","2",2011,165
"787","UZBEKISTAN","2","14",2011,165
"788","VENEZUELA","28","55",2011,165
"789","VIETNAM","13","18",2011,165
"790","YEMEN","1","9",2011,165
"791","YUGOSLAVIA","1","5",2011,165
"792","ZAMBIA","2","6",2011,165
"793","ZIMBABWE","0","1",2011,165
"794","AFGHANISTAN","9","12",2012,142
"795","ALBANIA","40","53",2012,142
"796","ALGERIA","1","1",2012,142
"797","ANGOLA","3","4",2012,142
"798","ANTIGUA-BARBUDA","0","2",2012,142
"799","ARGENTINA","27","42",2012,142
"800","ARMENIA","1","1",2012,142
"801","AUSTRALIA","2","4",2012,142
"802","BAHAMAS","1","30",2012,142
"803","BANGLADESH","93","99",2012,142
"804","BARBADOS","3","3",2012,142
"805","BELARUS","1","2",2012,142
"806","BELGIUM","1","1",2012,142
"807","BELIZE","53","54",2012,142
"808","BERMUDA","0","2",2012,142
"809","BOLIVIA","19","28",2012,142
"810","BOSNIA-HERZEGOVINA","0","1",2012,142
"811","BRAZIL","183","310",2012,142
"812","BRITISH VIRGIN ISLANDS","0","1",2012,142
"813","BULGARIA","9","16",2012,142
"814","BURMA","1","1",2012,142
"815","BURUNDI","0","1",2012,142
"816","CAMBODIA","2","2",2012,142
"817","CAMEROON","0","3",2012,142
"818","CANADA","17","434",2012,142
"819","CAPE VERDE","0","1",2012,142
"820","CHILE","11","15",2012,142
"821","CHINA, PEOPLES REPUBLIC OF","908","960",2012,142
"822","COLOMBIA","185","272",2012,142
"823","CONGO","0","4",2012,142
"824","COSTA RICA","136","159",2012,142
"825","CUBA","40","606",2012,142
"826","CZECH REPUBLIC","4","9",2012,142
"827","CZECHOSLOVAKIA","1","1",2012,142
"828","DEM REP OF THE CONGO","1","1",2012,142
"829","DENMARK","0","2",2012,142
"830","DOMINICAN REPUBLIC","521","1044",2012,142
"831","ECUADOR","2226","2289",2012,142
"832","EGYPT","7","10",2012,142
"833","EL SALVADOR","21903","22158",2012,142
"834","EQUATORIAL GUINEA","1","1",2012,142
"835","ERITREA","1","1",2012,142
"836","ETHIOPIA","4","6",2012,142
"837","FINLAND","1","1",2012,142
"838","FRANCE","3","8",2012,142
"839","GAMBIA","1","3",2012,142
"840","GEORGIA","4","9",2012,142
"841","GERMANY","2","4",2012,142
"842","GHANA","1","4",2012,142
"843","GREECE","0","3",2012,142
"844","GUAM","1","1",2012,142
"845","GUATEMALA","34453","35204",2012,142
"846","GUYANA","4","7",2012,142
"847","HAITI","3","177",2012,142
"848","HONDURAS","30349","30953",2012,142
"849","HONG KONG","0","1",2012,142
"850","HUNGARY","4","10",2012,142
"851","INDIA","495","642",2012,142
"852","INDONESIA","7","11",2012,142
"853","IRAN","6","8",2012,142
"854","IRAQ","4","5",2012,142
"855","IRELAND","0","7",2012,142
"856","ISRAEL","8","17",2012,142
"857","ITALY","3","8",2012,142
"858","IVORY COAST","2","2",2012,142
"859","JAMAICA","19","124",2012,142
"860","JAPAN","3","4",2012,142
"861","JORDAN","7","13",2012,142
"862","KAZAKHSTAN","3","6",2012,142
"863","KENYA","6","8",2012,142
"864","KOREA","4","4",2012,142
"865","KOSOVO","2","4",2012,142
"866","KYRGYZSTAN","1","4",2012,142
"867","LAOS","7","9",2012,142
"868","LATVIA","2","2",2012,142
"869","LEBANON","2","4",2012,142
"870","LIBERIA","0","1",2012,142
"871","LIBYA","1","4",2012,142
"872","LITHUANIA","0","3",2012,142
"873","MACEDONIA","1","3",2012,142
"874","MALAWI","0","1",2012,142
"875","MALAYSIA","1","3",2012,142
"876","MALI","1","2",2012,142
"877","MEXICO","262341","265755",2012,142
"878","MOLDOVA","3","10",2012,142
"879","MONGOLIA","4","9",2012,142
"880","MOROCCO","2","3",2012,142
"881","NEPAL","149","149",2012,142
"882","NETHERLANDS","2","4",2012,142
"883","NEW ZEALAND","3","4",2012,142
"884","NICARAGUA","876","926",2012,142
"885","NIGERIA","17","24",2012,142
"886","NORWAY","4","4",2012,142
"887","PAKISTAN","21","34",2012,142
"888","PANAMA","8","11",2012,142
"889","PARAGUAY","6","7",2012,142
"890","PERU","283","321",2012,142
"891","PHILIPPINES","32","44",2012,142
"892","POLAND","13","44",2012,142
"893","PORTUGAL","3","7",2012,142
"894","ROMANIA","901","938",2012,142
"895","RUSSIA","12","23",2012,142
"896","SAMOA","1","1",2012,142
"897","SAUDI ARABIA","5","6",2012,142
"898","SENEGAL","1","3",2012,142
"899","SERBIA","1","3",2012,142
"900","SERBIA AND MONTENEGRO","0","2",2012,142
"901","SEYCHELLES","1","1",2012,142
"902","SIERRA LEONE","1","1",2012,142
"903","SLOVAKIA","1","6",2012,142
"904","SOMALIA","1","6",2012,142
"905","SOUTH AFRICA","7","7",2012,142
"906","SOUTH KOREA","14","25",2012,142
"907","SPAIN","6","11",2012,142
"908","SRI LANKA","181","185",2012,142
"909","ST. LUCIA","2","4",2012,142
"910","ST. VINCENT-GRENADINES","0","4",2012,142
"911","STATELESS","0","1",2012,142
"912","SUDAN","3","3",2012,142
"913","SURINAME","1","1",2012,142
"914","SWEDEN","5","7",2012,142
"915","SYRIA","5","8",2012,142
"916","TAIWAN","3","7",2012,142
"917","TAJIKISTAN","0","3",2012,142
"918","TANZANIA","4","9",2012,142
"919","THAILAND","7","16",2012,142
"920","TOGO","1","3",2012,142
"921","TRINIDAD AND TOBAGO","3","17",2012,142
"922","TUNISIA","0","1",2012,142
"923","TURKEY","8","16",2012,142
"924","UKRAINE","10","23",2012,142
"925","UNITED KINGDOM","17","24",2012,142
"926","UNKNOWN","8","9",2012,142
"927","URUGUAY","12","16",2012,142
"928","USSR","1","3",2012,142
"929","UZBEKISTAN","12","18",2012,142
"930","VENEZUELA","28","44",2012,142
"931","VIETNAM","11","14",2012,142
"932","YEMEN","1","2",2012,142
"933","YUGOSLAVIA","1","5",2012,142
"934","ZAMBIA","1","3",2012,142
"935","ZIMBABWE","3","3",2012,142
"936","AFGHANISTAN","0","4",2013,144
"937","ALBANIA","300","311",2013,144
"938","ALGERIA","0","2",2013,144
"939","ANGOLA","1","2",2013,144
"940","ANTIGUA-BARBUDA","1","1",2013,144
"941","ARGENTINA","30","35",2013,144
"942","AUSTRALIA","6","9",2013,144
"943","AUSTRIA","1","1",2013,144
"944","BAHAMAS","0","41",2013,144
"945","BANGLADESH","226","233",2013,144
"946","BARBADOS","0","1",2013,144
"947","BELARUS","1","1",2013,144
"948","BELGIUM","0","2",2013,144
"949","BELIZE","50","54",2013,144
"950","BOLIVIA","44","49",2013,144
"951","BOSNIA-HERZEGOVINA","2","3",2013,144
"952","BRAZIL","274","355",2013,144
"953","BULGARIA","1","2",2013,144
"954","BURKINA FASO","1","2",2013,144
"955","BURMA","1","2",2013,144
"956","CAMBODIA","2","4",2013,144
"957","CAMEROON","0","1",2013,144
"958","CANADA","11","245",2013,144
"959","CENTRAL AFRICAN REPUBLIC","1","1",2013,144
"960","CHAD","0","3",2013,144
"961","CHILE","11","16",2013,144
"962","CHINA, PEOPLES REPUBLIC OF","927","957",2013,144
"963","COLOMBIA","365","457",2013,144
"964","CONGO","1","2",2013,144
"965","COSTA RICA","129","140",2013,144
"966","CROATIA","1","4",2013,144
"967","CUBA","73","624",2013,144
"968","CZECH REPUBLIC","1","2",2013,144
"969","DOMINICA","2","6",2013,144
"970","DOMINICAN REPUBLIC","492","767",2013,144
"971","ECUADOR","3958","4027",2013,144
"972","EGYPT","15","19",2013,144
"973","EL SALVADOR","36957","37149",2013,144
"974","ERITREA","1","2",2013,144
"975","ETHIOPIA","0","2",2013,144
"976","FIJI","1","1",2013,144
"977","FRANCE","5","12",2013,144
"978","GABON","0","1",2013,144
"979","GAMBIA","1","3",2013,144
"980","GEORGIA","9","14",2013,144
"981","GERMANY","8","9",2013,144
"982","GHANA","7","9",2013,144
"983","GREECE","1","1",2013,144
"984","GRENADA","0","4",2013,144
"985","GUATEMALA","54143","54692",2013,144
"986","GUINEA","1","3",2013,144
"987","GUYANA","1","9",2013,144
"988","HAITI","2","786",2013,144
"989","HONDURAS","46448","46865",2013,144
"990","HONG KONG","0","1",2013,144
"991","HUNGARY","3","8",2013,144
"992","INDIA","949","1067",2013,144
"993","INDONESIA","3","3",2013,144
"994","IRAN","5","7",2013,144
"995","IRAQ","3","5",2013,144
"996","IRELAND","3","4",2013,144
"997","ISRAEL","2","17",2013,144
"998","ITALY","6","10",2013,144
"999","IVORY COAST","1","3",2013,144
"1000","JAMAICA","18","113",2013,144
"1001","JAPAN","3","5",2013,144
"1002","JORDAN","5","7",2013,144
"1003","KAZAKHSTAN","0","1",2013,144
"1004","KENYA","4","7",2013,144
"1005","KOREA","2","2",2013,144
"1006","KOSOVO","1","4",2013,144
"1007","LAOS","5","5",2013,144
"1008","LATVIA","0","2",2013,144
"1009","LEBANON","6","9",2013,144
"1010","LITHUANIA","3","7",2013,144
"1011","MACEDONIA","2","5",2013,144
"1012","MALAYSIA","3","5",2013,144
"1013","MALI","0","1",2013,144
"1014","MAURITIUS","0","1",2013,144
"1015","MEXICO","265409","267734",2013,144
"1016","MOLDOVA","4","9",2013,144
"1017","MONTENEGRO","0","1",2013,144
"1018","MOROCCO","0","1",2013,144
"1019","NAMIBIA","0","1",2013,144
"1020","NEPAL","345","349",2013,144
"1021","NETHERLANDS","3","4",2013,144
"1022","NEW ZEALAND","1","1",2013,144
"1023","NICARAGUA","1389","1435",2013,144
"1024","NIGER","1","1",2013,144
"1025","NIGERIA","16","25",2013,144
"1026","NORWAY","2","2",2013,144
"1027","PAKISTAN","22","40",2013,144
"1028","PANAMA","13","15",2013,144
"1029","PAPUA NEW GUINEA","0","1",2013,144
"1030","PARAGUAY","8","11",2013,144
"1031","PERU","749","781",2013,144
"1032","PHILIPPINES","17","27",2013,144
"1033","POLAND","4","27",2013,144
"1034","PORTUGAL","4","5",2013,144
"1035","PUERTO RICO","1","1",2013,144
"1036","QATAR","1","1",2013,144
"1037","ROMANIA","598","620",2013,144
"1038","RUSSIA","18","32",2013,144
"1039","RWANDA","0","4",2013,144
"1040","SAUDI ARABIA","3","4",2013,144
"1041","SENEGAL","0","7",2013,144
"1042","SERBIA","3","8",2013,144
"1043","SERBIA AND MONTENEGRO","1","1",2013,144
"1044","SINGAPORE","1","1",2013,144
"1045","SLOVAKIA","0","1",2013,144
"1046","SOMALIA","3","7",2013,144
"1047","SOUTH AFRICA","2","2",2013,144
"1048","SOUTH KOREA","13","28",2013,144
"1049","SPAIN","10","18",2013,144
"1050","SRI LANKA","86","97",2013,144
"1051","ST. LUCIA","0","2",2013,144
"1052","ST. VINCENT-GRENADINES","0","2",2013,144
"1053","STATELESS","0","1",2013,144
"1054","SUDAN","1","1",2013,144
"1055","SWEDEN","2","6",2013,144
"1056","SWITZERLAND","1","1",2013,144
"1057","SYRIA","1","2",2013,144
"1058","TAIWAN","5","7",2013,144
"1059","TAJIKISTAN","2","2",2013,144
"1060","TANZANIA","0","1",2013,144
"1061","THAILAND","3","8",2013,144
"1062","TOGO","1","1",2013,144
"1063","TRINIDAD AND TOBAGO","6","27",2013,144
"1064","TUNISIA","0","2",2013,144
"1065","TURKEY","24","39",2013,144
"1066","UGANDA","1","1",2013,144
"1067","UKRAINE","6","17",2013,144
"1068","UNITED ARAB EMIRATES","1","1",2013,144
"1069","UNITED KINGDOM","8","19",2013,144
"1070","UNKNOWN","2","3",2013,144
"1071","URUGUAY","14","19",2013,144
"1072","USSR","2","2",2013,144
"1073","UZBEKISTAN","4","6",2013,144
"1074","VENEZUELA","34","45",2013,144
"1075","VIETNAM","9","12",2013,144
"1076","YEMEN","0","4",2013,144
"1077","YUGOSLAVIA","1","6",2013,144
"1078","ZAMBIA","0","2",2013,144
"1079","ZIMBABWE","2","2",2013,144
"1080","AFGHANISTAN","0","4",2014,145
"1081","ALBANIA","302","307",2014,145
"1082","ALGERIA","1","3",2014,145
"1083","ANGOLA","0","5",2014,145
"1084","ARGENTINA","30","45",2014,145
"1085","ARMENIA","1","1",2014,145
"1086","AUSTRALIA","3","3",2014,145
"1087","AUSTRIA","1","2",2014,145
"1088","AZERBAIJAN","0","4",2014,145
"1089","BAHAMAS","2","38",2014,145
"1090","BANGLADESH","284","294",2014,145
"1091","BARBADOS","0","1",2014,145
"1092","BELARUS","0","1",2014,145
"1093","BELGIUM","2","2",2014,145
"1094","BELIZE","77","77",2014,145
"1095","BENIN","2","2",2014,145
"1096","BOLIVIA","34","41",2014,145
"1097","BOSNIA-HERZEGOVINA","1","3",2014,145
"1098","BOTSWANA","0","1",2014,145
"1099","BRAZIL","543","647",2014,145
"1100","BULGARIA","1","6",2014,145
"1101","BURMA","1","1",2014,145
"1102","CAMBODIA","2","2",2014,145
"1103","CAMEROON","2","6",2014,145
"1104","CANADA","13","307",2014,145
"1105","CENTRAL AFRICAN REPUBLIC","0","1",2014,145
"1106","CHAD","0","1",2014,145
"1107","CHILE","14","21",2014,145
"1108","CHINA, PEOPLES REPUBLIC OF","1633","1693",2014,145
"1109","COLOMBIA","233","266",2014,145
"1110","CONGO","0","1",2014,145
"1111","COSTA RICA","138","147",2014,145
"1112","CROATIA","0","1",2014,145
"1113","CUBA","98","1061",2014,145
"1114","CZECH REPUBLIC","3","5",2014,145
"1115","DOMINICAN REPUBLIC","645","823",2014,145
"1116","ECUADOR","4748","4819",2014,145
"1117","EGYPT","15","18",2014,145
"1118","EL SALVADOR","66419","66638",2014,145
"1119","EQUATORIAL GUINEA","1","1",2014,145
"1120","ERITREA","6","11",2014,145
"1121","ESTONIA","0","1",2014,145
"1122","ETHIOPIA","2","5",2014,145
"1123","FIJI","1","2",2014,145
"1124","FRANCE","6","11",2014,145
"1125","GABON","1","1",2014,145
"1126","GAMBIA","1","5",2014,145
"1127","GEORGIA","6","16",2014,145
"1128","GERMANY","6","9",2014,145
"1129","GHANA","8","16",2014,145
"1130","GREECE","2","3",2014,145
"1131","GRENADA","1","2",2014,145
"1132","GUATEMALA","80473","81116",2014,145
"1133","GUINEA","0","1",2014,145
"1134","GUYANA","2","7",2014,145
"1135","HAITI","2","1044",2014,145
"1136","HONDURAS","90968","91475",2014,145
"1137","HONG KONG","1","2",2014,145
"1138","HUNGARY","2","4",2014,145
"1139","INDIA","1425","1527",2014,145
"1140","INDONESIA","5","8",2014,145
"1141","IRAN","2","4",2014,145
"1142","IRAQ","4","7",2014,145
"1143","IRELAND","1","3",2014,145
"1144","ISRAEL","4","21",2014,145
"1145","ITALY","8","11",2014,145
"1146","IVORY COAST","0","1",2014,145
"1147","JAMAICA","24","90",2014,145
"1148","JAPAN","6","6",2014,145
"1149","JORDAN","3","11",2014,145
"1150","KENYA","3","5",2014,145
"1151","KOREA","3","5",2014,145
"1152","KOSOVO","0","2",2014,145
"1153","KUWAIT","3","3",2014,145
"1154","KYRGYZSTAN","0","4",2014,145
"1155","LAOS","1","1",2014,145
"1156","LATVIA","0","5",2014,145
"1157","LEBANON","2","10",2014,145
"1158","LIBERIA","3","7",2014,145
"1159","LITHUANIA","1","1",2014,145
"1160","MACEDONIA","4","7",2014,145
"1161","MALAWI","0","1",2014,145
"1162","MALI","1","1",2014,145
"1163","MEXICO","226771","229178",2014,145
"1164","MICRONESIA, FEDERATED STATES OF","1","1",2014,145
"1165","MOLDOVA","1","13",2014,145
"1166","MONGOLIA","3","7",2014,145
"1167","MONTENEGRO","1","1",2014,145
"1168","MOROCCO","2","5",2014,145
"1169","NEPAL","464","467",2014,145
"1170","NETHERLANDS","1","4",2014,145
"1171","NETHERLANDS ANTILLES","1","1",2014,145
"1172","NEW ZEALAND","1","3",2014,145
"1173","NICARAGUA","1809","1862",2014,145
"1174","NIGER","1","1",2014,145
"1175","NIGERIA","18","29",2014,145
"1176","PAKISTAN","17","31",2014,145
"1177","PANAMA","13","14",2014,145
"1178","PARAGUAY","5","6",2014,145
"1179","PERU","875","891",2014,145
"1180","PHILIPPINES","28","36",2014,145
"1181","POLAND","6","27",2014,145
"1182","PORTUGAL","0","1",2014,145
"1183","PUERTO RICO","2","2",2014,145
"1184","QATAR","1","3",2014,145
"1185","ROMANIA","838","868",2014,145
"1186","RUSSIA","12","30",2014,145
"1187","RWANDA","0","1",2014,145
"1188","SAMOA","1","1",2014,145
"1189","SAUDI ARABIA","16","16",2014,145
"1190","SENEGAL","0","7",2014,145
"1191","SERBIA","2","8",2014,145
"1192","SIERRA LEONE","2","3",2014,145
"1193","SLOVAKIA","2","2",2014,145
"1194","SLOVENIA","1","1",2014,145
"1195","SOMALIA","3","6",2014,145
"1196","SOUTH AFRICA","2","5",2014,145
"1197","SOUTH KOREA","25","27",2014,145
"1198","SPAIN","10","16",2014,145
"1199","SRI LANKA","65","71",2014,145
"1200","ST. LUCIA","1","3",2014,145
"1201","ST. VINCENT-GRENADINES","1","3",2014,145
"1202","SURINAME","1","1",2014,145
"1203","SWITZERLAND","1","2",2014,145
"1204","SYRIA","5","14",2014,145
"1205","TAIWAN","2","5",2014,145
"1206","TAJIKISTAN","1","1",2014,145
"1207","TANZANIA","1","1",2014,145
"1208","THAILAND","8","17",2014,145
"1209","TOGO","2","2",2014,145
"1210","TRINIDAD AND TOBAGO","7","15",2014,145
"1211","TUNISIA","0","1",2014,145
"1212","TURKEY","43","56",2014,145
"1213","TURKMENISTAN","1","1",2014,145
"1214","UKRAINE","8","15",2014,145
"1215","UNITED KINGDOM","6","14",2014,145
"1216","UNKNOWN","2","2",2014,145
"1217","URUGUAY","2","5",2014,145
"1218","UZBEKISTAN","2","11",2014,145
"1219","VENEZUELA","15","30",2014,145
"1220","VIETNAM","17","23",2014,145
"1221","YEMEN","2","6",2014,145
"1222","YUGOSLAVIA","1","4",2014,145
"1223","ZAMBIA","0","1",2014,145
"1224","ZIMBABWE","2","2",2014,145
"1225","AFGHANISTAN","5","5",2015,136
"1226","ALBANIA","35","41",2015,136
"1227","ALGERIA","1","2",2015,136
"1228","ANGOLA","1","1",2015,136
"1229","ANTIGUA-BARBUDA","0","2",2015,136
"1230","ARGENTINA","24","26",2015,136
"1231","ARMENIA","4","4",2015,136
"1232","AUSTRALIA","3","6",2015,136
"1233","AUSTRIA","1","1",2015,136
"1234","AZERBAIJAN","0","3",2015,136
"1235","BAHAMAS","6","41",2015,136
"1236","BANGLADESH","299","309",2015,136
"1237","BARBADOS","1","1",2015,136
"1238","BELARUS","1","1",2015,136
"1239","BELGIUM","0","3",2015,136
"1240","BELIZE","34","35",2015,136
"1241","BHUTAN","1","1",2015,136
"1242","BOLIVIA","46","47",2015,136
"1243","BOSNIA-HERZEGOVINA","3","3",2015,136
"1244","BRAZIL","1267","1344",2015,136
"1245","BULGARIA","4","5",2015,136
"1246","BURKINA FASO","0","1",2015,136
"1247","BURMA","1","2",2015,136
"1248","CAMBODIA","1","2",2015,136
"1249","CAMEROON","1","2",2015,136
"1250","CANADA","5","296",2015,136
"1251","CHILE","2","10",2015,136
"1252","CHINA, PEOPLES REPUBLIC OF","1237","1327",2015,136
"1253","COLOMBIA","282","310",2015,136
"1254","COSTA RICA","86","95",2015,136
"1255","CROATIA","0","3",2015,136
"1256","CUBA","106","1153",2015,136
"1257","CZECH REPUBLIC","0","1",2015,136
"1258","CZECHOSLOVAKIA","0","1",2015,136
"1259","DENMARK","1","1",2015,136
"1260","DOMINICA","0","1",2015,136
"1261","DOMINICAN REPUBLIC","482","660",2015,136
"1262","ECUADOR","2556","2593",2015,136
"1263","EGYPT","0","4",2015,136
"1264","EL SALVADOR","43392","43564",2015,136
"1265","ERITREA","3","4",2015,136
"1266","ESTONIA","1","1",2015,136
"1267","ETHIOPIA","2","3",2015,136
"1268","FIJI","1","2",2015,136
"1269","FRANCE","4","7",2015,136
"1270","GEORGIA","6","10",2015,136
"1271","GERMANY","1","6",2015,136
"1272","GHANA","6","9",2015,136
"1273","GREECE","0","1",2015,136
"1274","GRENADA","0","1",2015,136
"1275","GUATEMALA","56691","57160",2015,136
"1276","GUYANA","1","7",2015,136
"1277","HAITI","2","379",2015,136
"1278","HONDURAS","33445","33848",2015,136
"1279","HUNGARY","3","3",2015,136
"1280","INDIA","2484","2578",2015,136
"1281","INDONESIA","2","6",2015,136
"1282","IRAN","9","10",2015,136
"1283","IRAQ","7","7",2015,136
"1284","IRELAND","0","2",2015,136
"1285","ISRAEL","16","28",2015,136
"1286","ITALY","5","11",2015,136
"1287","IVORY COAST","1","1",2015,136
"1288","JAMAICA","15","59",2015,136
"1289","JAPAN","4","6",2015,136
"1290","JORDAN","2","8",2015,136
"1291","KAZAKHSTAN","1","4",2015,136
"1292","KENYA","8","10",2015,136
"1293","KOREA","2","10",2015,136
"1294","KOSOVO","1","3",2015,136
"1295","KUWAIT","4","5",2015,136
"1296","KYRGYZSTAN","1","3",2015,136
"1297","LAOS","2","2",2015,136
"1298","LATVIA","0","1",2015,136
"1299","LEBANON","1","4",2015,136
"1300","LIBERIA","1","2",2015,136
"1301","LITHUANIA","1","2",2015,136
"1302","MACEDONIA","8","8",2015,136
"1303","MALAYSIA","2","4",2015,136
"1304","MALI","1","1",2015,136
"1305","MEXICO","186017","188122",2015,136
"1306","MOLDOVA","12","17",2015,136
"1307","MONGOLIA","2","6",2015,136
"1308","MONTENEGRO","1","1",2015,136
"1309","MOROCCO","1","1",2015,136
"1310","NAMIBIA","1","1",2015,136
"1311","NEPAL","408","409",2015,136
"1312","NETHERLANDS","4","7",2015,136
"1313","NEW ZEALAND","2","3",2015,136
"1314","NICARAGUA","1015","1034",2015,136
"1315","NIGERIA","21","29",2015,136
"1316","PAKISTAN","50","57",2015,136
"1317","PANAMA","15","15",2015,136
"1318","PARAGUAY","2","2",2015,136
"1319","PERU","410","426",2015,136
"1320","PHILIPPINES","17","24",2015,136
"1321","POLAND","2","15",2015,136
"1322","PORTUGAL","1","5",2015,136
"1323","ROMANIA","396","405",2015,136
"1324","RUSSIA","14","17",2015,136
"1325","SAUDI ARABIA","9","18",2015,136
"1326","SENEGAL","2","5",2015,136
"1327","SERBIA","1","5",2015,136
"1328","SERBIA AND MONTENEGRO","0","1",2015,136
"1329","SIERRA LEONE","1","1",2015,136
"1330","SOMALIA","0","1",2015,136
"1331","SOUTH AFRICA","2","3",2015,136
"1332","SOUTH KOREA","19","31",2015,136
"1333","SPAIN","14","21",2015,136
"1334","SRI LANKA","109","109",2015,136
"1335","ST. LUCIA","2","4",2015,136
"1336","STATELESS","0","1",2015,136
"1337","SUDAN","0","1",2015,136
"1338","SWEDEN","1","1",2015,136
"1339","SWITZERLAND","1","2",2015,136
"1340","SYRIA","5","5",2015,136
"1341","TAIWAN","8","11",2015,136
"1342","TAJIKISTAN","8","9",2015,136
"1343","TANZANIA","0","1",2015,136
"1344","THAILAND","6","7",2015,136
"1345","TRINIDAD AND TOBAGO","3","8",2015,136
"1346","TUNISIA","2","3",2015,136
"1347","TURKEY","37","42",2015,136
"1348","TURKMENISTAN","0","2",2015,136
"1349","TURKS AND CAICOS ISLANDS","0","1",2015,136
"1350","UKRAINE","10","13",2015,136
"1351","UNITED ARAB EMIRATES","1","1",2015,136
"1352","UNITED KINGDOM","11","18",2015,136
"1353","UNKNOWN","7","7",2015,136
"1354","URUGUAY","4","5",2015,136
"1355","UZBEKISTAN","5","8",2015,136
"1356","VENEZUELA","23","28",2015,136
"1357","VIETNAM","17","18",2015,136
"1358","YEMEN","0","4",2015,136
"1359","YUGOSLAVIA","1","1",2015,136
"1360","ZIMBABWE","1","2",2015,136
"1361","AFGHANISTAN","18","33",2016,130
"1362","ALBANIA","107","113",2016,130
"1363","ALGERIA","3","4",2016,130
"1364","ANGOLA","1","1",2016,130
"1365","ANTIGUA-BARBUDA","0","2",2016,130
"1366","ARGENTINA","16","17",2016,130
"1367","ARMENIA","3","3",2016,130
"1368","AUSTRALIA","1","3",2016,130
"1369","BAHAMAS","3","44",2016,130
"1370","BANGLADESH","632","636",2016,130
"1371","BELARUS","2","2",2016,130
"1372","BELGIUM","2","2",2016,130
"1373","BELIZE","40","42",2016,130
"1374","BOLIVIA","28","29",2016,130
"1375","BOTSWANA","0","4",2016,130
"1376","BRAZIL","3118","3252",2016,130
"1377","BULGARIA","3","5",2016,130
"1378","BURKINA FASO","5","5",2016,130
"1379","BURMA","2","2",2016,130
"1380","BURUNDI","0","3",2016,130
"1381","CAMBODIA","3","3",2016,130
"1382","CAMEROON","1","2",2016,130
"1383","CANADA","8","215",2016,130
"1384","CAYMAN ISLANDS","1","1",2016,130
"1385","CHAD","0","3",2016,130
"1386","CHILE","11","20",2016,130
"1387","CHINA, PEOPLES REPUBLIC OF","2320","2439",2016,130
"1388","COLOMBIA","302","323",2016,130
"1389","CONGO","1","5",2016,130
"1390","COSTA RICA","85","90",2016,130
"1391","CROATIA","0","1",2016,130
"1392","CUBA","78","1930",2016,130
"1393","CZECH REPUBLIC","5","10",2016,130
"1394","CZECHOSLOVAKIA","1","1",2016,130
"1395","DEM REP OF THE CONGO","1","1",2016,130
"1396","DOMINICAN REPUBLIC","530","855",2016,130
"1397","ECUADOR","2713","2768",2016,130
"1398","EGYPT","3","4",2016,130
"1399","EL SALVADOR","71848","72018",2016,130
"1400","ERITREA","1","3",2016,130
"1401","ETHIOPIA","6","7",2016,130
"1402","FRANCE","10","17",2016,130
"1403","GABON","1","1",2016,130
"1404","GAMBIA","1","1",2016,130
"1405","GEORGIA","9","26",2016,130
"1406","GERMANY","7","12",2016,130
"1407","GHANA","4","5",2016,130
"1408","GREECE","3","6",2016,130
"1409","GUADELOUPE","1","1",2016,130
"1410","GUATEMALA","74601","75246",2016,130
"1411","GUYANA","2","5",2016,130
"1412","HAITI","3","167",2016,130
"1413","HONDURAS","52952","53402",2016,130
"1414","HONG KONG","0","1",2016,130
"1415","HUNGARY","3","12",2016,130
"1416","INDIA","3480","3668",2016,130
"1417","INDONESIA","7","9",2016,130
"1418","IRAN","10","11",2016,130
"1419","IRAQ","2","9",2016,130
"1420","IRELAND","17","18",2016,130
"1421","ISRAEL","3","9",2016,130
"1422","ITALY","21","25",2016,130
"1423","IVORY COAST","1","1",2016,130
"1424","JAMAICA","24","59",2016,130
"1425","JORDAN","6","14",2016,130
"1426","KAZAKHSTAN","4","6",2016,130
"1427","KENYA","7","9",2016,130
"1428","KOREA","1","3",2016,130
"1429","KOSOVO","16","20",2016,130
"1430","KUWAIT","2","2",2016,130
"1431","KYRGYZSTAN","1","1",2016,130
"1432","LAOS","1","1",2016,130
"1433","LATVIA","2","3",2016,130
"1434","LEBANON","1","5",2016,130
"1435","LIBERIA","2","3",2016,130
"1436","LIBYA","0","1",2016,130
"1437","LITHUANIA","1","1",2016,130
"1438","MACEDONIA","9","9",2016,130
"1439","MALI","2","2",2016,130
"1440","MAURITANIA","0","1",2016,130
"1441","MEXICO","190760","192969",2016,130
"1442","MOLDOVA","4","4",2016,130
"1443","MONGOLIA","0","2",2016,130
"1444","MONTENEGRO","0","1",2016,130
"1445","MOROCCO","1","3",2016,130
"1446","NEPAL","550","551",2016,130
"1447","NETHERLANDS","0","1",2016,130
"1448","NICARAGUA","1298","1326",2016,130
"1449","NIGERIA","19","22",2016,130
"1450","PAKISTAN","314","321",2016,130
"1451","PALAU","1","1",2016,130
"1452","PANAMA","15","18",2016,130
"1453","PARAGUAY","8","9",2016,130
"1454","PERU","449","459",2016,130
"1455","PHILIPPINES","22","23",2016,130
"1456","POLAND","7","21",2016,130
"1457","PORTUGAL","2","6",2016,130
"1458","ROMANIA","2006","2018",2016,130
"1459","RUSSIA","11","13",2016,130
"1460","SAUDI ARABIA","8","14",2016,130
"1461","SENEGAL","3","4",2016,130
"1462","SERBIA","0","2",2016,130
"1463","SLOVAKIA","0","2",2016,130
"1464","SOMALIA","4","4",2016,130
"1465","SOUTH AFRICA","0","1",2016,130
"1466","SOUTH KOREA","17","20",2016,130
"1467","SPAIN","9","15",2016,130
"1468","SRI LANKA","42","45",2016,130
"1469","ST. LUCIA","1","1",2016,130
"1470","SWEDEN","2","3",2016,130
"1471","SWITZERLAND","1","1",2016,130
"1472","SYRIA","2","4",2016,130
"1473","TAIWAN","2","3",2016,130
"1474","TAJIKISTAN","7","7",2016,130
"1475","TANZANIA","1","1",2016,130
"1476","THAILAND","7","8",2016,130
"1477","TONGA","1","1",2016,130
"1478","TRINIDAD AND TOBAGO","4","7",2016,130
"1479","TUNISIA","1","4",2016,130
"1480","TURKEY","72","78",2016,130
"1481","UGANDA","1","1",2016,130
"1482","UKRAINE","11","14",2016,130
"1483","UNITED ARAB EMIRATES","1","1",2016,130
"1484","UNITED KINGDOM","14","23",2016,130
"1485","URUGUAY","5","5",2016,130
"1486","UZBEKISTAN","9","13",2016,130
"1487","VENEZUELA","40","48",2016,130
"1488","VIETNAM","15","20",2016,130
"1489","YEMEN","1","2",2016,130
"1490","ZIMBABWE","3","3",2016,130
"1491","AFGHANISTAN","14","21",2017,141
"1492","ALBANIA","49","55",2017,141
"1493","ALGERIA","1","3",2017,141
"1494","ANGOLA","0","1",2017,141
"1495","ARGENTINA","18","31",2017,141
"1496","AUSTRALIA","1","2",2017,141
"1497","AZERBAIJAN","1","7",2017,141
"1498","BAHAMAS","0","44",2017,141
"1499","BANGLADESH","564","574",2017,141
"1500","BELARUS","0","1",2017,141
"1501","BELGIUM","0","1",2017,141
"1502","BELIZE","51","56",2017,141
"1503","BENIN","1","2",2017,141
"1504","BOLIVIA","22","23",2017,141
"1505","BOSNIA-HERZEGOVINA","1","3",2017,141
"1506","BRAZIL","2621","2745",2017,141
"1507","BULGARIA","3","5",2017,141
"1508","BURKINA FASO","0","1",2017,141
"1509","BURMA","1","1",2017,141
"1510","BURUNDI","0","1",2017,141
"1511","CAMBODIA","2","2",2017,141
"1512","CAMEROON","5","10",2017,141
"1513","CANADA","5","200",2017,141
"1514","CHAD","0","1",2017,141
"1515","CHILE","12","15",2017,141
"1516","CHINA, PEOPLES REPUBLIC OF","1364","1413",2017,141
"1517","COLOMBIA","196","281",2017,141
"1518","CONGO","1","1",2017,141
"1519","COSTA RICA","47","53",2017,141
"1520","CUBA","147","702",2017,141
"1521","CYPRUS","1","1",2017,141
"1522","CZECH REPUBLIC","1","5",2017,141
"1523","CZECHOSLOVAKIA","0","1",2017,141
"1524","DJIBOUTI","0","3",2017,141
"1525","DOMINICAN REPUBLIC","181","404",2017,141
"1526","ECUADOR","1429","1513",2017,141
"1527","EGYPT","6","9",2017,141
"1528","EL SALVADOR","49760","50011",2017,141
"1529","EQUATORIAL GUINEA","2","2",2017,141
"1530","ERITREA","6","10",2017,141
"1531","ESTONIA","0","1",2017,141
"1532","ETHIOPIA","1","4",2017,141
"1533","FRANCE","9","15",2017,141
"1534","GABON","0","1",2017,141
"1535","GAMBIA","1","4",2017,141
"1536","GEORGIA","7","12",2017,141
"1537","GERMANY","2","7",2017,141
"1538","GHANA","15","21",2017,141
"1539","GREECE","0","4",2017,141
"1540","GUADELOUPE","4","4",2017,141
"1541","GUATEMALA","65871","66807",2017,141
"1542","GUINEA","0","3",2017,141
"1543","GUYANA","0","10",2017,141
"1544","HAITI","57","163",2017,141
"1545","HONDURAS","47260","47900",2017,141
"1546","HUNGARY","9","15",2017,141
"1547","INDIA","2943","3135",2017,141
"1548","INDONESIA","5","6",2017,141
"1549","IRAN","7","7",2017,141
"1550","IRAQ","1","5",2017,141
"1551","IRELAND","1","3",2017,141
"1552","ISRAEL","11","25",2017,141
"1553","ITALY","5","10",2017,141
"1554","IVORY COAST","3","3",2017,141
"1555","JAMAICA","15","72",2017,141
"1556","JAPAN","4","5",2017,141
"1557","JORDAN","10","22",2017,141
"1558","KAZAKHSTAN","5","7",2017,141
"1559","KENYA","2","4",2017,141
"1560","KOREA","1","2",2017,141
"1561","KOSOVO","45","46",2017,141
"1562","KUWAIT","3","5",2017,141
"1563","LAOS","0","1",2017,141
"1564","LATVIA","1","1",2017,141
"1565","LEBANON","1","3",2017,141
"1566","LIBERIA","2","4",2017,141
"1567","LITHUANIA","1","4",2017,141
"1568","MACEDONIA","7","9",2017,141
"1569","MALAYSIA","1","1",2017,141
"1570","MALI","1","1",2017,141
"1571","MAURITANIA","0","4",2017,141
"1572","MEXICO","127938","130454",2017,141
"1573","MOLDOVA","2","7",2017,141
"1574","MONGOLIA","0","2",2017,141
"1575","MONTENEGRO","2","4",2017,141
"1576","MOROCCO","0","1",2017,141
"1577","NEPAL","647","648",2017,141
"1578","NETHERLANDS","2","2",2017,141
"1579","NEW ZEALAND","1","1",2017,141
"1580","NICARAGUA","1057","1098",2017,141
"1581","NIGERIA","28","74",2017,141
"1582","PAKISTAN","224","233",2017,141
"1583","PANAMA","6","8",2017,141
"1584","PARAGUAY","3","3",2017,141
"1585","PERU","372","406",2017,141
"1586","PHILIPPINES","7","23",2017,141
"1587","POLAND","1","9",2017,141
"1588","PORTUGAL","3","5",2017,141
"1589","ROMANIA","433","450",2017,141
"1590","RUSSIA","8","15",2017,141
"1591","RWANDA","1","2",2017,141
"1592","SAUDI ARABIA","14","23",2017,141
"1593","SENEGAL","1","3",2017,141
"1594","SERBIA","2","4",2017,141
"1595","SERBIA AND MONTENEGRO","1","1",2017,141
"1596","SEYCHELLES","0","1",2017,141
"1597","SIERRA LEONE","0","1",2017,141
"1598","SLOVAKIA","1","2",2017,141
"1599","SOMALIA","48","54",2017,141
"1600","SOUTH AFRICA","5","7",2017,141
"1601","SOUTH KOREA","10","12",2017,141
"1602","SPAIN","7","19",2017,141
"1603","SRI LANKA","48","65",2017,141
"1604","ST. KITTS-NEVIS","0","1",2017,141
"1605","ST. LUCIA","1","1",2017,141
"1606","STATELESS","0","1",2017,141
"1607","SUDAN","1","6",2017,141
"1608","SURINAME","1","1",2017,141
"1609","SWAZILAND","0","1",2017,141
"1610","SWITZERLAND","0","1",2017,141
"1611","SYRIA","6","10",2017,141
"1612","TAIWAN","3","3",2017,141
"1613","TAJIKISTAN","0","2",2017,141
"1614","TANZANIA","0","5",2017,141
"1615","THAILAND","5","9",2017,141
"1616","TOGO","2","2",2017,141
"1617","TONGA","3","3",2017,141
"1618","TRINIDAD AND TOBAGO","4","15",2017,141
"1619","TURKEY","35","41",2017,141
"1620","TURKS AND CAICOS ISLANDS","0","1",2017,141
"1621","UGANDA","2","2",2017,141
"1622","UKRAINE","6","14",2017,141
"1623","UNITED KINGDOM","8","17",2017,141
"1624","URUGUAY","5","7",2017,141
"1625","UZBEKISTAN","9","15",2017,141
"1626","VENEZUELA","73","95",2017,141
"1627","VIETNAM","49","55",2017,141
"1628","YEMEN","1","8",2017,141
"1629","YUGOSLAVIA","6","6",2017,141
"1630","ZAMBIA","0","1",2017,141
"1631","ZIMBABWE","0","1",2017,141
"1632","AFGHANISTAN","9","12",2018,141
"1633","ALBANIA","15","23",2018,141
"1634","ALGERIA","0","2",2018,141
"1635","ANGOLA","0","1",2018,141
"1636","ARGENTINA","8","16",2018,141
"1637","ARMENIA","2","2",2018,141
"1638","AUSTRALIA","2","3",2018,141
"1639","AZERBAIJAN","3","7",2018,141
"1640","BAHAMAS","0","42",2018,141
"1641","BANGLADESH","1198","1203",2018,141
"1642","BARBADOS","1","3",2018,141
"1643","BELARUS","2","2",2018,141
"1644","BELGIUM","0","4",2018,141
"1645","BELIZE","72","76",2018,141
"1646","BENIN","0","4",2018,141
"1647","BHUTAN","0","1",2018,141
"1648","BOLIVIA","19","47",2018,141
"1649","BOSNIA-HERZEGOVINA","1","5",2018,141
"1650","BRAZIL","1504","1634",2018,141
"1651","BULGARIA","0","9",2018,141
"1652","BURKINA FASO","3","4",2018,141
"1653","BURMA","3","5",2018,141
"1654","CAMEROON","11","14",2018,141
"1655","CANADA","6","181",2018,141
"1656","CAPE VERDE","0","2",2018,141
"1657","CHAD","1","2",2018,141
"1658","CHILE","8","17",2018,141
"1659","CHINA, PEOPLES REPUBLIC OF","991","1077",2018,141
"1660","COLOMBIA","192","259",2018,141
"1661","CONGO","0","3",2018,141
"1662","COSTA RICA","34","42",2018,141
"1663","CUBA","74","194",2018,141
"1664","CYPRUS","0","1",2018,141
"1665","CZECH REPUBLIC","0","6",2018,141
"1666","CZECHOSLOVAKIA","0","1",2018,141
"1667","DOMINICAN REPUBLIC","234","539",2018,141
"1668","ECUADOR","1495","1613",2018,141
"1669","EGYPT","5","7",2018,141
"1670","EL SALVADOR","31369","31636",2018,141
"1671","ERITREA","45","47",2018,141
"1672","ESTONIA","1","1",2018,141
"1673","ETHIOPIA","9","10",2018,141
"1674","FRANCE","4","10",2018,141
"1675","GABON","1","3",2018,141
"1676","GAMBIA","11","13",2018,141
"1677","GEORGIA","0","5",2018,141
"1678","GERMANY","2","9",2018,141
"1679","GHANA","63","72",2018,141
"1680","GUATEMALA","115722","116808",2018,141
"1681","GUINEA","0","3",2018,141
"1682","GUYANA","2","7",2018,141
"1683","HAITI","12","166",2018,141
"1684","HONDURAS","76513","77128",2018,141
"1685","HUNGARY","6","16",2018,141
"1686","INDIA","8997","9234",2018,141
"1687","INDONESIA","1","12",2018,141
"1688","IRAN","4","9",2018,141
"1689","IRAQ","6","9",2018,141
"1690","IRELAND","4","11",2018,141
"1691","ISRAEL","9","20",2018,141
"1692","ITALY","7","12",2018,141
"1693","IVORY COAST","1","3",2018,141
"1694","JAMAICA","21","87",2018,141
"1695","JAPAN","1","3",2018,141
"1696","JORDAN","3","11",2018,141
"1697","KAZAKHSTAN","1","7",2018,141
"1698","KENYA","1","9",2018,141
"1699","KOREA","2","6",2018,141
"1700","KOSOVO","38","41",2018,141
"1701","KUWAIT","1","2",2018,141
"1702","KYRGYZSTAN","0","1",2018,141
"1703","LAOS","2","6",2018,141
"1704","LATVIA","2","4",2018,141
"1705","LEBANON","2","4",2018,141
"1706","LIBERIA","1","7",2018,141
"1707","LITHUANIA","1","5",2018,141
"1708","MACEDONIA","5","12",2018,141
"1709","MALAWI","0","1",2018,141
"1710","MALAYSIA","4","5",2018,141
"1711","MALI","2","5",2018,141
"1712","MARTINIQUE","0","1",2018,141
"1713","MAURITANIA","1","1",2018,141
"1714","MEXICO","152257","155452",2018,141
"1715","MOLDOVA","4","8",2018,141
"1716","MONGOLIA","3","7",2018,141
"1717","MONTENEGRO","2","4",2018,141
"1718","MOROCCO","0","4",2018,141
"1719","NEPAL","718","719",2018,141
"1720","NETHERLANDS","1","2",2018,141
"1721","NICARAGUA","3282","3337",2018,141
"1722","NIGER","0","3",2018,141
"1723","NIGERIA","23","72",2018,141
"1724","OMAN","1","1",2018,141
"1725","PAKISTAN","153","163",2018,141
"1726","PANAMA","1","8",2018,141
"1727","PARAGUAY","4","7",2018,141
"1728","PERU","466","499",2018,141
"1729","PHILIPPINES","9","21",2018,141
"1730","POLAND","2","12",2018,141
"1731","PORTUGAL","4","10",2018,141
"1732","ROMANIA","250","449",2018,141
"1733","RUSSIA","13","21",2018,141
"1734","RWANDA","0","1",2018,141
"1735","SAUDI ARABIA","3","7",2018,141
"1736","SENEGAL","0","7",2018,141
"1737","SERBIA","1","1",2018,141
"1738","SERBIA AND MONTENEGRO","1","2",2018,141
"1739","SIERRA LEONE","4","4",2018,141
"1740","SLOVAKIA","0","1",2018,141
"1741","SOMALIA","33","38",2018,141
"1742","SOUTH AFRICA","4","9",2018,141
"1743","SOUTH KOREA","3","9",2018,141
"1744","SPAIN","13","28",2018,141
"1745","SRI LANKA","196","202",2018,141
"1746","ST. VINCENT-GRENADINES","0","2",2018,141
"1747","SUDAN","1","1",2018,141
"1748","SWEDEN","0","1",2018,141
"1749","SWITZERLAND","1","1",2018,141
"1750","SYRIA","3","3",2018,141
"1751","TAIWAN","3","5",2018,141
"1752","TAJIKISTAN","1","3",2018,141
"1753","TANZANIA","0","4",2018,141
"1754","THAILAND","6","13",2018,141
"1755","TOGO","2","3",2018,141
"1756","TONGA","2","2",2018,141
"1757","TRINIDAD AND TOBAGO","6","14",2018,141
"1758","TUNISIA","2","6",2018,141
"1759","TURKEY","52","61",2018,141
"1760","TURKS AND CAICOS ISLANDS","0","1",2018,141
"1761","UKRAINE","6","26",2018,141
"1762","UNITED ARAB EMIRATES","0","1",2018,141
"1763","UNITED KINGDOM","10","14",2018,141
"1764","UNKNOWN","1","1",2018,141
"1765","URUGUAY","4","8",2018,141
"1766","USSR","2","2",2018,141
"1767","UZBEKISTAN","1","6",2018,141
"1768","VENEZUELA","62","126",2018,141
"1769","VIETNAM","159","167",2018,141
"1770","YEMEN","33","36",2018,141
"1771","ZAMBIA","0","1",2018,141
"1772","ZIMBABWE","1","1",2018,141
