date,citizenship,encounter_count,country_of_entry
2024-11-01,VENEZUELA,8901,PANAMA
2024-11-01,COLOMBIA,394,PANAMA
2024-11-01,ECUADOR,444,PANAMA
2024-11-01,CHINA,82,PANAMA
2024-11-01,HAITI,89,PANAMA
2024-11-01,INDIA,21,PANAMA
2024-11-01,PERU,137,PANAMA
2024-11-01,VIETNAM,11,PANAMA
2024-11-01,BANGLADESH,70,PANAMA
2024-11-01,NEPAL,178,PANAMA
2024-11-01,CHILE,32,PANAMA
2024-11-01,AFGHANISTAN,71,PANAMA
2024-11-01,CAMEROON,105,PANAMA
2024-11-01,ANGOLA,58,PANAMA
2024-11-01,BRAZIL,21,PANAMA
2024-11-01,GHANA,49,PANAMA
2024-11-01,ETHIOPIA,70,PANAMA
2024-11-01,CUBA,43,PANAMA
2024-11-01,TOGO,33,PANAMA
2024-11-01,SOMALIA,24,PANAMA
2024-11-01,PAKISTAN,34,PANAMA
2024-11-01,IRAN,25,PANAMA
2024-11-01,CONGO - BRAZZAVILLE,36,PANAMA
2024-11-01,DOMINICAN REPUBLIC,8,PANAMA
2024-11-01,NIGERIA,19,PANAMA
2024-11-01,ERITREA,16,PANAMA
2024-11-01,SYRIA,16,PANAMA
2024-11-01,BENIN,15,PANAMA
2024-11-01,BURKINA FASO,7,PANAMA
2024-11-01,BOLIVIA,1,PANAMA
2024-11-01,NA,8,PANAMA
2024-11-01,MOROCCO,3,PANAMA
2024-11-01,SUDAN,3,PANAMA
2024-11-01,SRI LANKA,17,PANAMA
2024-11-01,GUINEA,17,PANAMA
2024-11-01,GUYANA,0,PANAMA
2024-11-01,YEMEN,4,PANAMA
2024-11-01,OTHER,82,PANAMA
2024-10-01,VENEZUELA,19522,PANAMA
2024-10-01,COLOMBIA,918,PANAMA
2024-10-01,ECUADOR,507,PANAMA
2024-10-01,CHINA,69,PANAMA
2024-10-01,HAITI,166,PANAMA
2024-10-01,INDIA,108,PANAMA
2024-10-01,PERU,216,PANAMA
2024-10-01,VIETNAM,173,PANAMA
2024-10-01,BANGLADESH,100,PANAMA
2024-10-01,NEPAL,123,PANAMA
2024-10-01,CHILE,55,PANAMA
2024-10-01,AFGHANISTAN,133,PANAMA
2024-10-01,CAMEROON,72,PANAMA
2024-10-01,ANGOLA,57,PANAMA
2024-10-01,BRAZIL,34,PANAMA
2024-10-01,GHANA,38,PANAMA
2024-10-01,ETHIOPIA,77,PANAMA
2024-10-01,CUBA,52,PANAMA
2024-10-01,TOGO,39,PANAMA
2024-10-01,SOMALIA,34,PANAMA
2024-10-01,PAKISTAN,65,PANAMA
2024-10-01,IRAN,45,PANAMA
2024-10-01,CONGO - BRAZZAVILLE,67,PANAMA
2024-10-01,DOMINICAN REPUBLIC,22,PANAMA
2024-10-01,NIGERIA,30,PANAMA
2024-10-01,ERITREA,18,PANAMA
2024-10-01,SYRIA,2,PANAMA
2024-10-01,BENIN,19,PANAMA
2024-10-01,BURKINA FASO,6,PANAMA
2024-10-01,BOLIVIA,7,PANAMA
2024-10-01,NA,11,PANAMA
2024-10-01,MOROCCO,10,PANAMA
2024-10-01,SUDAN,6,PANAMA
2024-10-01,SRI LANKA,13,PANAMA
2024-10-01,GUINEA,16,PANAMA
2024-10-01,GUYANA,0,PANAMA
2024-10-01,YEMEN,18,PANAMA
2024-10-01,OTHER,64,PANAMA
2024-09-01,VENEZUELA,19800,PANAMA
2024-09-01,COLOMBIA,1048,PANAMA
2024-09-01,ECUADOR,582,PANAMA
2024-09-01,CHINA,124,PANAMA
2024-09-01,HAITI,243,PANAMA
2024-09-01,INDIA,92,PANAMA
2024-09-01,PERU,225,PANAMA
2024-09-01,VIETNAM,719,PANAMA
2024-09-01,BANGLADESH,243,PANAMA
2024-09-01,NEPAL,490,PANAMA
2024-09-01,CHILE,64,PANAMA
2024-09-01,AFGHANISTAN,174,PANAMA
2024-09-01,CAMEROON,163,PANAMA
2024-09-01,ANGOLA,122,PANAMA
2024-09-01,BRAZIL,58,PANAMA
2024-09-01,GHANA,70,PANAMA
2024-09-01,ETHIOPIA,72,PANAMA
2024-09-01,CUBA,65,PANAMA
2024-09-01,TOGO,61,PANAMA
2024-09-01,SOMALIA,155,PANAMA
2024-09-01,PAKISTAN,92,PANAMA
2024-09-01,IRAN,95,PANAMA
2024-09-01,CONGO - BRAZZAVILLE,54,PANAMA
2024-09-01,DOMINICAN REPUBLIC,9,PANAMA
2024-09-01,NIGERIA,19,PANAMA
2024-09-01,ERITREA,23,PANAMA
2024-09-01,SYRIA,4,PANAMA
2024-09-01,BENIN,25,PANAMA
2024-09-01,BURKINA FASO,19,PANAMA
2024-09-01,BOLIVIA,8,PANAMA
2024-09-01,NA,14,PANAMA
2024-09-01,MOROCCO,1,PANAMA
2024-09-01,SUDAN,11,PANAMA
2024-09-01,SRI LANKA,38,PANAMA
2024-09-01,GUINEA,27,PANAMA
2024-09-01,GUYANA,2,PANAMA
2024-09-01,YEMEN,1,PANAMA
2024-09-01,OTHER,100,PANAMA
2024-08-01,VENEZUELA,11733,PANAMA
2024-08-01,COLOMBIA,925,PANAMA
2024-08-01,ECUADOR,489,PANAMA
2024-08-01,CHINA,53,PANAMA
2024-08-01,HAITI,418,PANAMA
2024-08-01,INDIA,444,PANAMA
2024-08-01,PERU,184,PANAMA
2024-08-01,VIETNAM,524,PANAMA
2024-08-01,BANGLADESH,193,PANAMA
2024-08-01,NEPAL,239,PANAMA
2024-08-01,CHILE,53,PANAMA
2024-08-01,AFGHANISTAN,162,PANAMA
2024-08-01,CAMEROON,210,PANAMA
2024-08-01,ANGOLA,127,PANAMA
2024-08-01,BRAZIL,51,PANAMA
2024-08-01,GHANA,60,PANAMA
2024-08-01,ETHIOPIA,80,PANAMA
2024-08-01,CUBA,50,PANAMA
2024-08-01,TOGO,62,PANAMA
2024-08-01,SOMALIA,48,PANAMA
2024-08-01,PAKISTAN,58,PANAMA
2024-08-01,IRAN,80,PANAMA
2024-08-01,CONGO - BRAZZAVILLE,76,PANAMA
2024-08-01,DOMINICAN REPUBLIC,19,PANAMA
2024-08-01,NIGERIA,21,PANAMA
2024-08-01,ERITREA,34,PANAMA
2024-08-01,SYRIA,18,PANAMA
2024-08-01,BENIN,21,PANAMA
2024-08-01,BURKINA FASO,19,PANAMA
2024-08-01,BOLIVIA,12,PANAMA
2024-08-01,NA,16,PANAMA
2024-08-01,MOROCCO,3,PANAMA
2024-08-01,SUDAN,13,PANAMA
2024-08-01,SRI LANKA,2,PANAMA
2024-08-01,GUINEA,25,PANAMA
2024-08-01,GUYANA,1,PANAMA
2024-08-01,YEMEN,3,PANAMA
2024-08-01,OTHER,71,PANAMA
2024-07-01,VENEZUELA,13545,PANAMA
2024-07-01,COLOMBIA,1125,PANAMA
2024-07-01,ECUADOR,828,PANAMA
2024-07-01,CHINA,772,PANAMA
2024-07-01,HAITI,495,PANAMA
2024-07-01,INDIA,1168,PANAMA
2024-07-01,PERU,217,PANAMA
2024-07-01,VIETNAM,338,PANAMA
2024-07-01,BANGLADESH,195,PANAMA
2024-07-01,NEPAL,292,PANAMA
2024-07-01,CHILE,60,PANAMA
2024-07-01,AFGHANISTAN,187,PANAMA
2024-07-01,CAMEROON,151,PANAMA
2024-07-01,ANGOLA,168,PANAMA
2024-07-01,BRAZIL,58,PANAMA
2024-07-01,GHANA,56,PANAMA
2024-07-01,ETHIOPIA,52,PANAMA
2024-07-01,CUBA,65,PANAMA
2024-07-01,TOGO,55,PANAMA
2024-07-01,SOMALIA,20,PANAMA
2024-07-01,PAKISTAN,121,PANAMA
2024-07-01,IRAN,129,PANAMA
2024-07-01,CONGO - BRAZZAVILLE,65,PANAMA
2024-07-01,DOMINICAN REPUBLIC,23,PANAMA
2024-07-01,NIGERIA,27,PANAMA
2024-07-01,ERITREA,25,PANAMA
2024-07-01,SYRIA,14,PANAMA
2024-07-01,BENIN,23,PANAMA
2024-07-01,BURKINA FASO,17,PANAMA
2024-07-01,BOLIVIA,19,PANAMA
2024-07-01,NA,16,PANAMA
2024-07-01,MOROCCO,7,PANAMA
2024-07-01,SUDAN,11,PANAMA
2024-07-01,SRI LANKA,18,PANAMA
2024-07-01,GUINEA,30,PANAMA
2024-07-01,GUYANA,7,PANAMA
2024-07-01,YEMEN,12,PANAMA
2024-07-01,OTHER,115,PANAMA
2024-06-01,VENEZUELA,23509,PANAMA
2024-06-01,COLOMBIA,1967,PANAMA
2024-06-01,ECUADOR,1277,PANAMA
2024-06-01,CHINA,1074,PANAMA
2024-06-01,HAITI,626,PANAMA
2024-06-01,INDIA,540,PANAMA
2024-06-01,PERU,331,PANAMA
2024-06-01,VIETNAM,132,PANAMA
2024-06-01,BANGLADESH,204,PANAMA
2024-06-01,NEPAL,148,PANAMA
2024-06-01,CHILE,116,PANAMA
2024-06-01,AFGHANISTAN,131,PANAMA
2024-06-01,CAMEROON,121,PANAMA
2024-06-01,ANGOLA,99,PANAMA
2024-06-01,BRAZIL,57,PANAMA
2024-06-01,GHANA,51,PANAMA
2024-06-01,ETHIOPIA,70,PANAMA
2024-06-01,CUBA,63,PANAMA
2024-06-01,TOGO,53,PANAMA
2024-06-01,SOMALIA,33,PANAMA
2024-06-01,PAKISTAN,52,PANAMA
2024-06-01,IRAN,50,PANAMA
2024-06-01,CONGO - BRAZZAVILLE,61,PANAMA
2024-06-01,DOMINICAN REPUBLIC,36,PANAMA
2024-06-01,NIGERIA,12,PANAMA
2024-06-01,ERITREA,21,PANAMA
2024-06-01,SYRIA,42,PANAMA
2024-06-01,BENIN,22,PANAMA
2024-06-01,BURKINA FASO,8,PANAMA
2024-06-01,BOLIVIA,10,PANAMA
2024-06-01,NA,11,PANAMA
2024-06-01,MOROCCO,5,PANAMA
2024-06-01,SUDAN,13,PANAMA
2024-06-01,SRI LANKA,9,PANAMA
2024-06-01,GUINEA,23,PANAMA
2024-06-01,GUYANA,5,PANAMA
2024-06-01,YEMEN,6,PANAMA
2024-06-01,OTHER,61,PANAMA
2024-05-01,VENEZUELA,21245,PANAMA
2024-05-01,COLOMBIA,2098,PANAMA
2024-05-01,ECUADOR,1475,PANAMA
2024-05-01,CHINA,1511,PANAMA
2024-05-01,HAITI,882,PANAMA
2024-05-01,INDIA,649,PANAMA
2024-05-01,PERU,443,PANAMA
2024-05-01,VIETNAM,288,PANAMA
2024-05-01,BANGLADESH,366,PANAMA
2024-05-01,NEPAL,130,PANAMA
2024-05-01,CHILE,140,PANAMA
2024-05-01,AFGHANISTAN,181,PANAMA
2024-05-01,CAMEROON,156,PANAMA
2024-05-01,ANGOLA,123,PANAMA
2024-05-01,BRAZIL,95,PANAMA
2024-05-01,GHANA,111,PANAMA
2024-05-01,ETHIOPIA,86,PANAMA
2024-05-01,CUBA,67,PANAMA
2024-05-01,TOGO,96,PANAMA
2024-05-01,SOMALIA,43,PANAMA
2024-05-01,PAKISTAN,17,PANAMA
2024-05-01,IRAN,59,PANAMA
2024-05-01,CONGO - BRAZZAVILLE,48,PANAMA
2024-05-01,DOMINICAN REPUBLIC,32,PANAMA
2024-05-01,NIGERIA,35,PANAMA
2024-05-01,ERITREA,33,PANAMA
2024-05-01,SYRIA,42,PANAMA
2024-05-01,BENIN,15,PANAMA
2024-05-01,BURKINA FASO,27,PANAMA
2024-05-01,BOLIVIA,35,PANAMA
2024-05-01,NA,31,PANAMA
2024-05-01,MOROCCO,13,PANAMA
2024-05-01,SUDAN,14,PANAMA
2024-05-01,SRI LANKA,22,PANAMA
2024-05-01,GUINEA,21,PANAMA
2024-05-01,GUYANA,5,PANAMA
2024-05-01,YEMEN,14,PANAMA
2024-05-01,OTHER,99,PANAMA
2024-04-01,VENEZUELA,18558,PANAMA
2024-04-01,COLOMBIA,1729,PANAMA
2024-04-01,ECUADOR,1700,PANAMA
2024-04-01,CHINA,2302,PANAMA
2024-04-01,HAITI,1661,PANAMA
2024-04-01,INDIA,430,PANAMA
2024-04-01,PERU,371,PANAMA
2024-04-01,VIETNAM,348,PANAMA
2024-04-01,BANGLADESH,507,PANAMA
2024-04-01,NEPAL,125,PANAMA
2024-04-01,CHILE,282,PANAMA
2024-04-01,AFGHANISTAN,95,PANAMA
2024-04-01,CAMEROON,134,PANAMA
2024-04-01,ANGOLA,151,PANAMA
2024-04-01,BRAZIL,126,PANAMA
2024-04-01,GHANA,36,PANAMA
2024-04-01,ETHIOPIA,67,PANAMA
2024-04-01,CUBA,78,PANAMA
2024-04-01,TOGO,82,PANAMA
2024-04-01,SOMALIA,25,PANAMA
2024-04-01,PAKISTAN,34,PANAMA
2024-04-01,IRAN,61,PANAMA
2024-04-01,CONGO - BRAZZAVILLE,25,PANAMA
2024-04-01,DOMINICAN REPUBLIC,47,PANAMA
2024-04-01,NIGERIA,32,PANAMA
2024-04-01,ERITREA,19,PANAMA
2024-04-01,SYRIA,24,PANAMA
2024-04-01,BENIN,23,PANAMA
2024-04-01,BURKINA FASO,15,PANAMA
2024-04-01,BOLIVIA,10,PANAMA
2024-04-01,NA,9,PANAMA
2024-04-01,MOROCCO,17,PANAMA
2024-04-01,SUDAN,10,PANAMA
2024-04-01,SRI LANKA,6,PANAMA
2024-04-01,GUINEA,10,PANAMA
2024-04-01,GUYANA,11,PANAMA
2024-04-01,YEMEN,11,PANAMA
2024-04-01,OTHER,88,PANAMA
2024-03-01,VENEZUELA,23257,PANAMA
2024-03-01,COLOMBIA,2524,PANAMA
2024-03-01,ECUADOR,3295,PANAMA
2024-03-01,CHINA,1885,PANAMA
2024-03-01,HAITI,2506,PANAMA
2024-03-01,INDIA,254,PANAMA
2024-03-01,PERU,425,PANAMA
2024-03-01,VIETNAM,118,PANAMA
2024-03-01,BANGLADESH,165,PANAMA
2024-03-01,NEPAL,126,PANAMA
2024-03-01,CHILE,428,PANAMA
2024-03-01,AFGHANISTAN,202,PANAMA
2024-03-01,CAMEROON,174,PANAMA
2024-03-01,ANGOLA,319,PANAMA
2024-03-01,BRAZIL,197,PANAMA
2024-03-01,GHANA,120,PANAMA
2024-03-01,ETHIOPIA,61,PANAMA
2024-03-01,CUBA,68,PANAMA
2024-03-01,TOGO,78,PANAMA
2024-03-01,SOMALIA,96,PANAMA
2024-03-01,PAKISTAN,70,PANAMA
2024-03-01,IRAN,40,PANAMA
2024-03-01,CONGO - BRAZZAVILLE,51,PANAMA
2024-03-01,DOMINICAN REPUBLIC,43,PANAMA
2024-03-01,NIGERIA,19,PANAMA
2024-03-01,ERITREA,28,PANAMA
2024-03-01,SYRIA,50,PANAMA
2024-03-01,BENIN,25,PANAMA
2024-03-01,BURKINA FASO,11,PANAMA
2024-03-01,BOLIVIA,28,PANAMA
2024-03-01,NA,10,PANAMA
2024-03-01,MOROCCO,19,PANAMA
2024-03-01,SUDAN,22,PANAMA
2024-03-01,SRI LANKA,8,PANAMA
2024-03-01,GUINEA,13,PANAMA
2024-03-01,GUYANA,9,PANAMA
2024-03-01,YEMEN,4,PANAMA
2024-03-01,OTHER,93,PANAMA
2024-02-01,VENEZUELA,24895,PANAMA
2024-02-01,COLOMBIA,2483,PANAMA
2024-02-01,ECUADOR,3450,PANAMA
2024-02-01,CHINA,1562,PANAMA
2024-02-01,HAITI,1775,PANAMA
2024-02-01,INDIA,189,PANAMA
2024-02-01,PERU,441,PANAMA
2024-02-01,VIETNAM,66,PANAMA
2024-02-01,BANGLADESH,228,PANAMA
2024-02-01,NEPAL,104,PANAMA
2024-02-01,CHILE,313,PANAMA
2024-02-01,AFGHANISTAN,216,PANAMA
2024-02-01,CAMEROON,123,PANAMA
2024-02-01,ANGOLA,314,PANAMA
2024-02-01,BRAZIL,141,PANAMA
2024-02-01,GHANA,53,PANAMA
2024-02-01,ETHIOPIA,45,PANAMA
2024-02-01,CUBA,80,PANAMA
2024-02-01,TOGO,61,PANAMA
2024-02-01,SOMALIA,117,PANAMA
2024-02-01,PAKISTAN,26,PANAMA
2024-02-01,IRAN,34,PANAMA
2024-02-01,CONGO - BRAZZAVILLE,67,PANAMA
2024-02-01,DOMINICAN REPUBLIC,59,PANAMA
2024-02-01,NIGERIA,20,PANAMA
2024-02-01,ERITREA,14,PANAMA
2024-02-01,SYRIA,23,PANAMA
2024-02-01,BENIN,18,PANAMA
2024-02-01,BURKINA FASO,15,PANAMA
2024-02-01,BOLIVIA,19,PANAMA
2024-02-01,NA,10,PANAMA
2024-02-01,MOROCCO,31,PANAMA
2024-02-01,SUDAN,13,PANAMA
2024-02-01,SRI LANKA,7,PANAMA
2024-02-01,GUINEA,21,PANAMA
2024-02-01,GUYANA,26,PANAMA
2024-02-01,YEMEN,9,PANAMA
2024-02-01,OTHER,98,PANAMA
2024-01-01,VENEZUELA,21940,PANAMA
2024-01-01,COLOMBIA,2129,PANAMA
2024-01-01,ECUADOR,2208,PANAMA
2024-01-01,CHINA,2911,PANAMA
2024-01-01,HAITI,3048,PANAMA
2024-01-01,INDIA,152,PANAMA
2024-01-01,PERU,316,PANAMA
2024-01-01,VIETNAM,364,PANAMA
2024-01-01,BANGLADESH,298,PANAMA
2024-01-01,NEPAL,171,PANAMA
2024-01-01,CHILE,430,PANAMA
2024-01-01,AFGHANISTAN,326,PANAMA
2024-01-01,CAMEROON,102,PANAMA
2024-01-01,ANGOLA,279,PANAMA
2024-01-01,BRAZIL,221,PANAMA
2024-01-01,GHANA,90,PANAMA
2024-01-01,ETHIOPIA,66,PANAMA
2024-01-01,CUBA,104,PANAMA
2024-01-01,TOGO,70,PANAMA
2024-01-01,SOMALIA,86,PANAMA
2024-01-01,PAKISTAN,76,PANAMA
2024-01-01,IRAN,28,PANAMA
2024-01-01,CONGO - BRAZZAVILLE,73,PANAMA
2024-01-01,DOMINICAN REPUBLIC,53,PANAMA
2024-01-01,NIGERIA,35,PANAMA
2024-01-01,ERITREA,31,PANAMA
2024-01-01,SYRIA,22,PANAMA
2024-01-01,BENIN,21,PANAMA
2024-01-01,BURKINA FASO,34,PANAMA
2024-01-01,BOLIVIA,20,PANAMA
2024-01-01,NA,29,PANAMA
2024-01-01,MOROCCO,40,PANAMA
2024-01-01,SUDAN,22,PANAMA
2024-01-01,SRI LANKA,6,PANAMA
2024-01-01,GUINEA,20,PANAMA
2024-01-01,GUYANA,24,PANAMA
2024-01-01,YEMEN,13,PANAMA
2024-01-01,OTHER,143,PANAMA
2023-12-01,VENEZUELA,11505,PANAMA
2023-12-01,ECUADOR,3125,PANAMA
2023-12-01,HAITI,2285,PANAMA
2023-12-01,CHINA,2974,PANAMA
2023-12-01,COLOMBIA,1228,PANAMA
2023-12-01,CHILE,367,PANAMA
2023-12-01,AFGHANISTAN,384,PANAMA
2023-12-01,PERU,255,PANAMA
2023-12-01,BRAZIL,160,PANAMA
2023-12-01,INDIA,206,PANAMA
2023-12-01,NEPAL,99,PANAMA
2023-12-01,VIETNAM,533,PANAMA
2023-12-01,BANGLADESH,188,PANAMA
2023-12-01,CAMEROON,74,PANAMA
2023-12-01,ANGOLA,193,PANAMA
2023-12-01,CUBA,76,PANAMA
2023-12-01,SOMALIA,43,PANAMA
2023-12-01,BURKINA FASO,0,PANAMA
2023-12-01,PAKISTAN,43,PANAMA
2023-12-01,GHANA,105,PANAMA
2023-12-01,DOMINICAN REPUBLIC,0,PANAMA
2023-12-01,NIGERIA,15,PANAMA
2023-12-01,CONGO - BRAZZAVILLE,69,PANAMA
2023-12-01,ERITREA,17,PANAMA
2023-12-01,SUDAN,19,PANAMA
2023-12-01,SYRIA,31,PANAMA
2023-12-01,TOGO,60,PANAMA
2023-12-01,GUYANA,0,PANAMA
2023-12-01,GUINEA,26,PANAMA
2023-12-01,SRI LANKA,0,PANAMA
2023-12-01,IRAN,35,PANAMA
2023-12-01,ETHIOPIA,28,PANAMA
2023-12-01,MALI,22,PANAMA
2023-12-01,SIERRA LEONE,0,PANAMA
2023-12-01,KYRGYZSTAN,5,PANAMA
2023-12-01,OTHER,0,PANAMA
2023-11-01,VENEZUELA,22547,PANAMA
2023-11-01,ECUADOR,2996,PANAMA
2023-11-01,HAITI,2648,PANAMA
2023-11-01,CHINA,4090,PANAMA
2023-11-01,COLOMBIA,1716,PANAMA
2023-11-01,CHILE,420,PANAMA
2023-11-01,AFGHANISTAN,365,PANAMA
2023-11-01,PERU,327,PANAMA
2023-11-01,BRAZIL,164,PANAMA
2023-11-01,INDIA,113,PANAMA
2023-11-01,NEPAL,118,PANAMA
2023-11-01,VIETNAM,273,PANAMA
2023-11-01,BANGLADESH,125,PANAMA
2023-11-01,CAMEROON,180,PANAMA
2023-11-01,ANGOLA,130,PANAMA
2023-11-01,CUBA,85,PANAMA
2023-11-01,SOMALIA,65,PANAMA
2023-11-01,BURKINA FASO,0,PANAMA
2023-11-01,PAKISTAN,43,PANAMA
2023-11-01,GHANA,82,PANAMA
2023-11-01,DOMINICAN REPUBLIC,0,PANAMA
2023-11-01,NIGERIA,27,PANAMA
2023-11-01,CONGO - BRAZZAVILLE,78,PANAMA
2023-11-01,ERITREA,15,PANAMA
2023-11-01,SUDAN,26,PANAMA
2023-11-01,SYRIA,57,PANAMA
2023-11-01,TOGO,70,PANAMA
2023-11-01,GUYANA,0,PANAMA
2023-11-01,GUINEA,32,PANAMA
2023-11-01,SRI LANKA,0,PANAMA
2023-11-01,IRAN,13,PANAMA
2023-11-01,ETHIOPIA,34,PANAMA
2023-11-01,MALI,24,PANAMA
2023-11-01,SIERRA LEONE,0,PANAMA
2023-11-01,KYRGYZSTAN,0,PANAMA
2023-11-01,OTHER,0,PANAMA
2023-10-01,VENEZUELA,34594,PANAMA
2023-10-01,ECUADOR,2849,PANAMA
2023-10-01,HAITI,3202,PANAMA
2023-10-01,CHINA,2934,PANAMA
2023-10-01,COLOMBIA,2051,PANAMA
2023-10-01,CHILE,578,PANAMA
2023-10-01,AFGHANISTAN,400,PANAMA
2023-10-01,PERU,535,PANAMA
2023-10-01,BRAZIL,178,PANAMA
2023-10-01,INDIA,36,PANAMA
2023-10-01,NEPAL,145,PANAMA
2023-10-01,VIETNAM,397,PANAMA
2023-10-01,BANGLADESH,200,PANAMA
2023-10-01,CAMEROON,108,PANAMA
2023-10-01,ANGOLA,77,PANAMA
2023-10-01,CUBA,97,PANAMA
2023-10-01,SOMALIA,29,PANAMA
2023-10-01,BURKINA FASO,118,PANAMA
2023-10-01,PAKISTAN,28,PANAMA
2023-10-01,GHANA,63,PANAMA
2023-10-01,DOMINICAN REPUBLIC,50,PANAMA
2023-10-01,NIGERIA,45,PANAMA
2023-10-01,CONGO - BRAZZAVILLE,45,PANAMA
2023-10-01,ERITREA,7,PANAMA
2023-10-01,SUDAN,21,PANAMA
2023-10-01,SYRIA,77,PANAMA
2023-10-01,TOGO,48,PANAMA
2023-10-01,GUYANA,20,PANAMA
2023-10-01,GUINEA,35,PANAMA
2023-10-01,SRI LANKA,6,PANAMA
2023-10-01,IRAN,69,PANAMA
2023-10-01,ETHIOPIA,30,PANAMA
2023-10-01,MALI,25,PANAMA
2023-10-01,SIERRA LEONE,3,PANAMA
2023-10-01,KYRGYZSTAN,0,PANAMA
2023-10-01,OTHER,156,PANAMA
2023-09-01,VENEZUELA,58716,PANAMA
2023-09-01,ECUADOR,4744,PANAMA
2023-09-01,HAITI,2563,PANAMA
2023-09-01,CHINA,2588,PANAMA
2023-09-01,COLOMBIA,2570,PANAMA
2023-09-01,CHILE,450,PANAMA
2023-09-01,AFGHANISTAN,609,PANAMA
2023-09-01,PERU,667,PANAMA
2023-09-01,BRAZIL,163,PANAMA
2023-09-01,INDIA,43,PANAMA
2023-09-01,NEPAL,231,PANAMA
2023-09-01,VIETNAM,260,PANAMA
2023-09-01,BANGLADESH,260,PANAMA
2023-09-01,CAMEROON,136,PANAMA
2023-09-01,ANGOLA,116,PANAMA
2023-09-01,CUBA,166,PANAMA
2023-09-01,SOMALIA,57,PANAMA
2023-09-01,BURKINA FASO,122,PANAMA
2023-09-01,PAKISTAN,28,PANAMA
2023-09-01,GHANA,120,PANAMA
2023-09-01,DOMINICAN REPUBLIC,36,PANAMA
2023-09-01,NIGERIA,53,PANAMA
2023-09-01,CONGO - BRAZZAVILLE,47,PANAMA
2023-09-01,ERITREA,17,PANAMA
2023-09-01,SUDAN,26,PANAMA
2023-09-01,SYRIA,74,PANAMA
2023-09-01,TOGO,88,PANAMA
2023-09-01,GUYANA,19,PANAMA
2023-09-01,GUINEA,11,PANAMA
2023-09-01,SRI LANKA,1,PANAMA
2023-09-01,IRAN,46,PANAMA
2023-09-01,ETHIOPIA,23,PANAMA
2023-09-01,MALI,52,PANAMA
2023-09-01,SIERRA LEONE,5,PANAMA
2023-09-01,KYRGYZSTAN,0,PANAMA
2023-09-01,OTHER,161,PANAMA
2023-08-01,VENEZUELA,62700,PANAMA
2023-08-01,ECUADOR,8642,PANAMA
2023-08-01,HAITI,1559,PANAMA
2023-08-01,CHINA,2433,PANAMA
2023-08-01,COLOMBIA,2989,PANAMA
2023-08-01,CHILE,307,PANAMA
2023-08-01,AFGHANISTAN,467,PANAMA
2023-08-01,PERU,653,PANAMA
2023-08-01,BRAZIL,126,PANAMA
2023-08-01,INDIA,27,PANAMA
2023-08-01,NEPAL,221,PANAMA
2023-08-01,VIETNAM,298,PANAMA
2023-08-01,BANGLADESH,159,PANAMA
2023-08-01,CAMEROON,104,PANAMA
2023-08-01,ANGOLA,177,PANAMA
2023-08-01,CUBA,172,PANAMA
2023-08-01,SOMALIA,29,PANAMA
2023-08-01,BURKINA FASO,122,PANAMA
2023-08-01,PAKISTAN,23,PANAMA
2023-08-01,GHANA,60,PANAMA
2023-08-01,DOMINICAN REPUBLIC,45,PANAMA
2023-08-01,NIGERIA,46,PANAMA
2023-08-01,CONGO - BRAZZAVILLE,81,PANAMA
2023-08-01,ERITREA,18,PANAMA
2023-08-01,SUDAN,69,PANAMA
2023-08-01,SYRIA,48,PANAMA
2023-08-01,TOGO,45,PANAMA
2023-08-01,GUYANA,14,PANAMA
2023-08-01,GUINEA,27,PANAMA
2023-08-01,SRI LANKA,7,PANAMA
2023-08-01,IRAN,45,PANAMA
2023-08-01,ETHIOPIA,18,PANAMA
2023-08-01,MALI,27,PANAMA
2023-08-01,SIERRA LEONE,4,PANAMA
2023-08-01,KYRGYZSTAN,0,PANAMA
2023-08-01,OTHER,184,PANAMA
2023-07-01,VENEZUELA,38033,PANAMA
2023-07-01,ECUADOR,9773,PANAMA
2023-07-01,HAITI,1226,PANAMA
2023-07-01,CHINA,1789,PANAMA
2023-07-01,COLOMBIA,1884,PANAMA
2023-07-01,CHILE,167,PANAMA
2023-07-01,AFGHANISTAN,321,PANAMA
2023-07-01,PERU,376,PANAMA
2023-07-01,BRAZIL,155,PANAMA
2023-07-01,INDIA,96,PANAMA
2023-07-01,NEPAL,148,PANAMA
2023-07-01,VIETNAM,132,PANAMA
2023-07-01,BANGLADESH,243,PANAMA
2023-07-01,CAMEROON,98,PANAMA
2023-07-01,ANGOLA,185,PANAMA
2023-07-01,CUBA,123,PANAMA
2023-07-01,SOMALIA,41,PANAMA
2023-07-01,BURKINA FASO,93,PANAMA
2023-07-01,PAKISTAN,25,PANAMA
2023-07-01,GHANA,71,PANAMA
2023-07-01,DOMINICAN REPUBLIC,20,PANAMA
2023-07-01,NIGERIA,46,PANAMA
2023-07-01,CONGO - BRAZZAVILLE,25,PANAMA
2023-07-01,ERITREA,29,PANAMA
2023-07-01,SUDAN,33,PANAMA
2023-07-01,SYRIA,17,PANAMA
2023-07-01,TOGO,25,PANAMA
2023-07-01,GUYANA,10,PANAMA
2023-07-01,GUINEA,37,PANAMA
2023-07-01,SRI LANKA,10,PANAMA
2023-07-01,IRAN,25,PANAMA
2023-07-01,ETHIOPIA,13,PANAMA
2023-07-01,MALI,17,PANAMA
2023-07-01,SIERRA LEONE,9,PANAMA
2023-07-01,KYRGYZSTAN,0,PANAMA
2023-07-01,OTHER,92,PANAMA
2023-06-01,VENEZUELA,18501,PANAMA
2023-06-01,ECUADOR,5052,PANAMA
2023-06-01,HAITI,1446,PANAMA
2023-06-01,CHINA,1722,PANAMA
2023-06-01,COLOMBIA,894,PANAMA
2023-06-01,CHILE,172,PANAMA
2023-06-01,AFGHANISTAN,217,PANAMA
2023-06-01,PERU,209,PANAMA
2023-06-01,BRAZIL,125,PANAMA
2023-06-01,INDIA,65,PANAMA
2023-06-01,NEPAL,172,PANAMA
2023-06-01,VIETNAM,28,PANAMA
2023-06-01,BANGLADESH,185,PANAMA
2023-06-01,CAMEROON,139,PANAMA
2023-06-01,ANGOLA,20,PANAMA
2023-06-01,CUBA,74,PANAMA
2023-06-01,SOMALIA,27,PANAMA
2023-06-01,BURKINA FASO,54,PANAMA
2023-06-01,PAKISTAN,54,PANAMA
2023-06-01,GHANA,66,PANAMA
2023-06-01,DOMINICAN REPUBLIC,17,PANAMA
2023-06-01,NIGERIA,44,PANAMA
2023-06-01,CONGO - BRAZZAVILLE,30,PANAMA
2023-06-01,ERITREA,27,PANAMA
2023-06-01,SUDAN,57,PANAMA
2023-06-01,SYRIA,22,PANAMA
2023-06-01,TOGO,17,PANAMA
2023-06-01,GUYANA,7,PANAMA
2023-06-01,GUINEA,46,PANAMA
2023-06-01,SRI LANKA,10,PANAMA
2023-06-01,IRAN,27,PANAMA
2023-06-01,ETHIOPIA,13,PANAMA
2023-06-01,MALI,19,PANAMA
2023-06-01,SIERRA LEONE,18,PANAMA
2023-06-01,KYRGYZSTAN,0,PANAMA
2023-06-01,OTHER,146,PANAMA
2023-05-01,VENEZUELA,26409,PANAMA
2023-05-01,ECUADOR,3059,PANAMA
2023-05-01,HAITI,3023,PANAMA
2023-05-01,CHINA,1497,PANAMA
2023-05-01,COLOMBIA,1645,PANAMA
2023-05-01,CHILE,356,PANAMA
2023-05-01,AFGHANISTAN,192,PANAMA
2023-05-01,PERU,394,PANAMA
2023-05-01,BRAZIL,254,PANAMA
2023-05-01,INDIA,161,PANAMA
2023-05-01,NEPAL,533,PANAMA
2023-05-01,VIETNAM,97,PANAMA
2023-05-01,BANGLADESH,148,PANAMA
2023-05-01,CAMEROON,158,PANAMA
2023-05-01,ANGOLA,9,PANAMA
2023-05-01,CUBA,59,PANAMA
2023-05-01,SOMALIA,141,PANAMA
2023-05-01,BURKINA FASO,59,PANAMA
2023-05-01,PAKISTAN,172,PANAMA
2023-05-01,GHANA,24,PANAMA
2023-05-01,DOMINICAN REPUBLIC,43,PANAMA
2023-05-01,NIGERIA,59,PANAMA
2023-05-01,CONGO - BRAZZAVILLE,30,PANAMA
2023-05-01,ERITREA,50,PANAMA
2023-05-01,SUDAN,77,PANAMA
2023-05-01,SYRIA,38,PANAMA
2023-05-01,TOGO,7,PANAMA
2023-05-01,GUYANA,17,PANAMA
2023-05-01,GUINEA,9,PANAMA
2023-05-01,SRI LANKA,55,PANAMA
2023-05-01,IRAN,6,PANAMA
2023-05-01,ETHIOPIA,24,PANAMA
2023-05-01,MALI,19,PANAMA
2023-05-01,SIERRA LEONE,10,PANAMA
2023-05-01,KYRGYZSTAN,2,PANAMA
2023-05-01,OTHER,126,PANAMA
2023-04-01,VENEZUELA,25395,PANAMA
2023-04-01,ECUADOR,2683,PANAMA
2023-04-01,HAITI,4830,PANAMA
2023-04-01,CHINA,1683,PANAMA
2023-04-01,COLOMBIA,1634,PANAMA
2023-04-01,CHILE,561,PANAMA
2023-04-01,AFGHANISTAN,386,PANAMA
2023-04-01,PERU,277,PANAMA
2023-04-01,BRAZIL,441,PANAMA
2023-04-01,INDIA,446,PANAMA
2023-04-01,NEPAL,336,PANAMA
2023-04-01,VIETNAM,34,PANAMA
2023-04-01,BANGLADESH,77,PANAMA
2023-04-01,CAMEROON,107,PANAMA
2023-04-01,ANGOLA,8,PANAMA
2023-04-01,CUBA,59,PANAMA
2023-04-01,SOMALIA,248,PANAMA
2023-04-01,BURKINA FASO,112,PANAMA
2023-04-01,PAKISTAN,254,PANAMA
2023-04-01,GHANA,39,PANAMA
2023-04-01,DOMINICAN REPUBLIC,74,PANAMA
2023-04-01,NIGERIA,51,PANAMA
2023-04-01,CONGO - BRAZZAVILLE,29,PANAMA
2023-04-01,ERITREA,91,PANAMA
2023-04-01,SUDAN,88,PANAMA
2023-04-01,SYRIA,32,PANAMA
2023-04-01,TOGO,4,PANAMA
2023-04-01,GUYANA,18,PANAMA
2023-04-01,GUINEA,15,PANAMA
2023-04-01,SRI LANKA,40,PANAMA
2023-04-01,IRAN,25,PANAMA
2023-04-01,ETHIOPIA,34,PANAMA
2023-04-01,MALI,29,PANAMA
2023-04-01,SIERRA LEONE,19,PANAMA
2023-04-01,KYRGYZSTAN,23,PANAMA
2023-04-01,OTHER,115,PANAMA
2023-03-01,VENEZUELA,20816,PANAMA
2023-03-01,ECUADOR,2772,PANAMA
2023-03-01,HAITI,6896,PANAMA
2023-03-01,CHINA,1657,PANAMA
2023-03-01,COLOMBIA,1260,PANAMA
2023-03-01,CHILE,782,PANAMA
2023-03-01,AFGHANISTAN,359,PANAMA
2023-03-01,PERU,261,PANAMA
2023-03-01,BRAZIL,657,PANAMA
2023-03-01,INDIA,1109,PANAMA
2023-03-01,NEPAL,117,PANAMA
2023-03-01,VIETNAM,31,PANAMA
2023-03-01,BANGLADESH,87,PANAMA
2023-03-01,CAMEROON,174,PANAMA
2023-03-01,ANGOLA,14,PANAMA
2023-03-01,CUBA,35,PANAMA
2023-03-01,SOMALIA,160,PANAMA
2023-03-01,BURKINA FASO,40,PANAMA
2023-03-01,PAKISTAN,106,PANAMA
2023-03-01,GHANA,56,PANAMA
2023-03-01,DOMINICAN REPUBLIC,73,PANAMA
2023-03-01,NIGERIA,107,PANAMA
2023-03-01,CONGO - BRAZZAVILLE,35,PANAMA
2023-03-01,ERITREA,65,PANAMA
2023-03-01,SUDAN,14,PANAMA
2023-03-01,SYRIA,11,PANAMA
2023-03-01,TOGO,11,PANAMA
2023-03-01,GUYANA,54,PANAMA
2023-03-01,GUINEA,11,PANAMA
2023-03-01,SRI LANKA,75,PANAMA
2023-03-01,IRAN,7,PANAMA
2023-03-01,ETHIOPIA,26,PANAMA
2023-03-01,MALI,19,PANAMA
2023-03-01,SIERRA LEONE,48,PANAMA
2023-03-01,KYRGYZSTAN,50,PANAMA
2023-03-01,OTHER,104,PANAMA
2023-02-01,VENEZUELA,7097,PANAMA
2023-02-01,ECUADOR,5203,PANAMA
2023-02-01,HAITI,6522,PANAMA
2023-02-01,CHINA,1285,PANAMA
2023-02-01,COLOMBIA,637,PANAMA
2023-02-01,CHILE,641,PANAMA
2023-02-01,AFGHANISTAN,276,PANAMA
2023-02-01,PERU,100,PANAMA
2023-02-01,BRAZIL,650,PANAMA
2023-02-01,INDIA,872,PANAMA
2023-02-01,NEPAL,56,PANAMA
2023-02-01,VIETNAM,0,PANAMA
2023-02-01,BANGLADESH,132,PANAMA
2023-02-01,CAMEROON,168,PANAMA
2023-02-01,ANGOLA,57,PANAMA
2023-02-01,CUBA,36,PANAMA
2023-02-01,SOMALIA,161,PANAMA
2023-02-01,BURKINA FASO,21,PANAMA
2023-02-01,PAKISTAN,41,PANAMA
2023-02-01,GHANA,51,PANAMA
2023-02-01,DOMINICAN REPUBLIC,87,PANAMA
2023-02-01,NIGERIA,70,PANAMA
2023-02-01,CONGO - BRAZZAVILLE,73,PANAMA
2023-02-01,ERITREA,53,PANAMA
2023-02-01,SUDAN,12,PANAMA
2023-02-01,SYRIA,20,PANAMA
2023-02-01,TOGO,11,PANAMA
2023-02-01,GUYANA,67,PANAMA
2023-02-01,GUINEA,18,PANAMA
2023-02-01,SRI LANKA,65,PANAMA
2023-02-01,IRAN,6,PANAMA
2023-02-01,ETHIOPIA,27,PANAMA
2023-02-01,MALI,10,PANAMA
2023-02-01,SIERRA LEONE,18,PANAMA
2023-02-01,KYRGYZSTAN,39,PANAMA
2023-02-01,OTHER,75,PANAMA
2023-01-01,VENEZUELA,2337,PANAMA
2023-01-01,ECUADOR,6352,PANAMA
2023-01-01,HAITI,10222,PANAMA
2023-01-01,CHINA,913,PANAMA
2023-01-01,COLOMBIA,333,PANAMA
2023-01-01,CHILE,1076,PANAMA
2023-01-01,AFGHANISTAN,291,PANAMA
2023-01-01,PERU,39,PANAMA
2023-01-01,BRAZIL,765,PANAMA
2023-01-01,INDIA,562,PANAMA
2023-01-01,NEPAL,76,PANAMA
2023-01-01,VIETNAM,19,PANAMA
2023-01-01,BANGLADESH,127,PANAMA
2023-01-01,CAMEROON,190,PANAMA
2023-01-01,ANGOLA,171,PANAMA
2023-01-01,CUBA,142,PANAMA
2023-01-01,SOMALIA,123,PANAMA
2023-01-01,BURKINA FASO,43,PANAMA
2023-01-01,PAKISTAN,55,PANAMA
2023-01-01,GHANA,53,PANAMA
2023-01-01,DOMINICAN REPUBLIC,104,PANAMA
2023-01-01,NIGERIA,77,PANAMA
2023-01-01,CONGO - BRAZZAVILLE,80,PANAMA
2023-01-01,ERITREA,68,PANAMA
2023-01-01,SUDAN,8,PANAMA
2023-01-01,SYRIA,4,PANAMA
2023-01-01,TOGO,8,PANAMA
2023-01-01,GUYANA,95,PANAMA
2023-01-01,GUINEA,67,PANAMA
2023-01-01,SRI LANKA,30,PANAMA
2023-01-01,IRAN,10,PANAMA
2023-01-01,ETHIOPIA,38,PANAMA
2023-01-01,MALI,15,PANAMA
2023-01-01,SIERRA LEONE,5,PANAMA
2023-01-01,KYRGYZSTAN,23,PANAMA
2023-01-01,OTHER,113,PANAMA
2022-12-01,AFGHANISTAN,596,PANAMA
2022-12-01,AFRICA,0,PANAMA
2022-12-01,ANGOLA,131,PANAMA
2022-12-01,ARGENTINA,0,PANAMA
2022-12-01,BANGLADESH,48,PANAMA
2022-12-01,BENIN,0,PANAMA
2022-12-01,BOLIVIA,0,PANAMA
2022-12-01,BRAZIL,433,PANAMA
2022-12-01,BURKINA FASO,44,PANAMA
2022-12-01,BURUNDI,0,PANAMA
2022-12-01,CAMEROON,216,PANAMA
2022-12-01,CHAD,0,PANAMA
2022-12-01,CHILE,600,PANAMA
2022-12-01,CHINA,695,PANAMA
2022-12-01,COLOMBIA,188,PANAMA
2022-12-01,CONGO - BRAZZAVILLE,127,PANAMA
2022-12-01,CÔTE D’IVOIRE,0,PANAMA
2022-12-01,CUBA,431,PANAMA
2022-12-01,DOMINICAN REPUBLIC,274,PANAMA
2022-12-01,ECUADOR,7821,PANAMA
2022-12-01,EGYPT,0,PANAMA
2022-12-01,EL SALVADOR,0,PANAMA
2022-12-01,ERITREA,78,PANAMA
2022-12-01,ETHIOPIA,28,PANAMA
2022-12-01,FRENCH GUIANA,0,PANAMA
2022-12-01,GAMBIA,0,PANAMA
2022-12-01,GHANA,107,PANAMA
2022-12-01,GUATEMALA,0,PANAMA
2022-12-01,GUINEA,62,PANAMA
2022-12-01,GUYANA,0,PANAMA
2022-12-01,HAITI,5502,PANAMA
2022-12-01,HONDURAS,0,PANAMA
2022-12-01,INDIA,756,PANAMA
2022-12-01,IRAN,0,PANAMA
2022-12-01,KYRGYZSTAN,75,PANAMA
2022-12-01,LEBANON,0,PANAMA
2022-12-01,LIBERIA,0,PANAMA
2022-12-01,MALI,10,PANAMA
2022-12-01,MAURITANIA,53,PANAMA
2022-12-01,MEXICO,0,PANAMA
2022-12-01,NEPAL,119,PANAMA
2022-12-01,NICARAGUA,0,PANAMA
2022-12-01,NIGERIA,77,PANAMA
2022-12-01,OTHER,157,PANAMA
2022-12-01,PAKISTAN,58,PANAMA
2022-12-01,PALESTINE,0,PANAMA
2022-12-01,PANAMA,0,PANAMA
2022-12-01,PARAGUAY,0,PANAMA
2022-12-01,PERU,39,PANAMA
2022-12-01,SENEGAL,16,PANAMA
2022-12-01,SIERRA LEONE,9,PANAMA
2022-12-01,SOMALIA,76,PANAMA
2022-12-01,SRI LANKA,86,PANAMA
2022-12-01,SUDAN,0,PANAMA
2022-12-01,SYRIA,5,PANAMA
2022-12-01,TAJIKISTAN,0,PANAMA
2022-12-01,TOGO,6,PANAMA
2022-12-01,URUGUAY,0,PANAMA
2022-12-01,UZBEKISTAN,0,PANAMA
2022-12-01,VENEZUELA,1374,PANAMA
2022-12-01,VIETNAM,0,PANAMA
2022-12-01,YEMEN,0,PANAMA
2022-11-01,AFGHANISTAN,379,PANAMA
2022-11-01,AFRICA,0,PANAMA
2022-11-01,ANGOLA,32,PANAMA
2022-11-01,ARGENTINA,0,PANAMA
2022-11-01,BANGLADESH,176,PANAMA
2022-11-01,BENIN,0,PANAMA
2022-11-01,BOLIVIA,0,PANAMA
2022-11-01,BRAZIL,552,PANAMA
2022-11-01,BURKINA FASO,59,PANAMA
2022-11-01,BURUNDI,0,PANAMA
2022-11-01,CAMEROON,121,PANAMA
2022-11-01,CHAD,0,PANAMA
2022-11-01,CHILE,361,PANAMA
2022-11-01,CHINA,377,PANAMA
2022-11-01,COLOMBIA,208,PANAMA
2022-11-01,CONGO - BRAZZAVILLE,39,PANAMA
2022-11-01,CÔTE D’IVOIRE,0,PANAMA
2022-11-01,CUBA,535,PANAMA
2022-11-01,DOMINICAN REPUBLIC,386,PANAMA
2022-11-01,ECUADOR,6350,PANAMA
2022-11-01,EGYPT,0,PANAMA
2022-11-01,EL SALVADOR,0,PANAMA
2022-11-01,ERITREA,60,PANAMA
2022-11-01,ETHIOPIA,21,PANAMA
2022-11-01,FRENCH GUIANA,0,PANAMA
2022-11-01,GAMBIA,0,PANAMA
2022-11-01,GHANA,46,PANAMA
2022-11-01,GUATEMALA,0,PANAMA
2022-11-01,GUINEA,49,PANAMA
2022-11-01,GUYANA,0,PANAMA
2022-11-01,HAITI,4607,PANAMA
2022-11-01,HONDURAS,0,PANAMA
2022-11-01,INDIA,813,PANAMA
2022-11-01,IRAN,0,PANAMA
2022-11-01,KYRGYZSTAN,59,PANAMA
2022-11-01,LEBANON,0,PANAMA
2022-11-01,LIBERIA,0,PANAMA
2022-11-01,MALI,16,PANAMA
2022-11-01,MAURITANIA,29,PANAMA
2022-11-01,MEXICO,0,PANAMA
2022-11-01,NEPAL,175,PANAMA
2022-11-01,NICARAGUA,0,PANAMA
2022-11-01,NIGERIA,112,PANAMA
2022-11-01,OTHER,98,PANAMA
2022-11-01,PAKISTAN,40,PANAMA
2022-11-01,PALESTINE,0,PANAMA
2022-11-01,PANAMA,0,PANAMA
2022-11-01,PARAGUAY,0,PANAMA
2022-11-01,PERU,34,PANAMA
2022-11-01,SENEGAL,7,PANAMA
2022-11-01,SIERRA LEONE,14,PANAMA
2022-11-01,SOMALIA,150,PANAMA
2022-11-01,SRI LANKA,49,PANAMA
2022-11-01,SUDAN,0,PANAMA
2022-11-01,SYRIA,1,PANAMA
2022-11-01,TAJIKISTAN,0,PANAMA
2022-11-01,TOGO,8,PANAMA
2022-11-01,URUGUAY,0,PANAMA
2022-11-01,UZBEKISTAN,1,PANAMA
2022-11-01,VENEZUELA,668,PANAMA
2022-11-01,VIETNAM,0,PANAMA
2022-11-01,YEMEN,0,PANAMA
2022-10-01,AFGHANISTAN,551,PANAMA
2022-10-01,AFRICA,0,PANAMA
2022-10-01,ANGOLA,29,PANAMA
2022-10-01,ARGENTINA,0,PANAMA
2022-10-01,BANGLADESH,143,PANAMA
2022-10-01,BENIN,0,PANAMA
2022-10-01,BOLIVIA,0,PANAMA
2022-10-01,BRAZIL,488,PANAMA
2022-10-01,BURKINA FASO,32,PANAMA
2022-10-01,BURUNDI,0,PANAMA
2022-10-01,CAMEROON,209,PANAMA
2022-10-01,CHAD,0,PANAMA
2022-10-01,CHILE,324,PANAMA
2022-10-01,CHINA,274,PANAMA
2022-10-01,COLOMBIA,1600,PANAMA
2022-10-01,CONGO - BRAZZAVILLE,27,PANAMA
2022-10-01,CÔTE D’IVOIRE,0,PANAMA
2022-10-01,CUBA,663,PANAMA
2022-10-01,DOMINICAN REPUBLIC,542,PANAMA
2022-10-01,ECUADOR,8487,PANAMA
2022-10-01,EGYPT,0,PANAMA
2022-10-01,EL SALVADOR,0,PANAMA
2022-10-01,ERITREA,49,PANAMA
2022-10-01,ETHIOPIA,37,PANAMA
2022-10-01,FRENCH GUIANA,0,PANAMA
2022-10-01,GAMBIA,0,PANAMA
2022-10-01,GHANA,55,PANAMA
2022-10-01,GUATEMALA,0,PANAMA
2022-10-01,GUINEA,72,PANAMA
2022-10-01,GUYANA,0,PANAMA
2022-10-01,HAITI,3713,PANAMA
2022-10-01,HONDURAS,0,PANAMA
2022-10-01,INDIA,604,PANAMA
2022-10-01,IRAN,0,PANAMA
2022-10-01,KYRGYZSTAN,27,PANAMA
2022-10-01,LEBANON,0,PANAMA
2022-10-01,LIBERIA,0,PANAMA
2022-10-01,MALI,25,PANAMA
2022-10-01,MAURITANIA,74,PANAMA
2022-10-01,MEXICO,0,PANAMA
2022-10-01,NEPAL,167,PANAMA
2022-10-01,NICARAGUA,0,PANAMA
2022-10-01,NIGERIA,72,PANAMA
2022-10-01,OTHER,167,PANAMA
2022-10-01,PAKISTAN,29,PANAMA
2022-10-01,PALESTINE,0,PANAMA
2022-10-01,PANAMA,0,PANAMA
2022-10-01,PARAGUAY,0,PANAMA
2022-10-01,PERU,438,PANAMA
2022-10-01,SENEGAL,18,PANAMA
2022-10-01,SIERRA LEONE,22,PANAMA
2022-10-01,SOMALIA,193,PANAMA
2022-10-01,SRI LANKA,26,PANAMA
2022-10-01,SUDAN,0,PANAMA
2022-10-01,SYRIA,13,PANAMA
2022-10-01,TAJIKISTAN,3,PANAMA
2022-10-01,TOGO,4,PANAMA
2022-10-01,URUGUAY,0,PANAMA
2022-10-01,UZBEKISTAN,3,PANAMA
2022-10-01,VENEZUELA,40593,PANAMA
2022-10-01,VIETNAM,0,PANAMA
2022-10-01,YEMEN,0,PANAMA
2022-09-01,AFGHANISTAN,180,PANAMA
2022-09-01,AFRICA,0,PANAMA
2022-09-01,ANGOLA,26,PANAMA
2022-09-01,ARGENTINA,0,PANAMA
2022-09-01,BANGLADESH,189,PANAMA
2022-09-01,BENIN,0,PANAMA
2022-09-01,BOLIVIA,0,PANAMA
2022-09-01,BRAZIL,282,PANAMA
2022-09-01,BURKINA FASO,34,PANAMA
2022-09-01,BURUNDI,0,PANAMA
2022-09-01,CAMEROON,199,PANAMA
2022-09-01,CHAD,0,PANAMA
2022-09-01,CHILE,190,PANAMA
2022-09-01,CHINA,136,PANAMA
2022-09-01,COLOMBIA,1306,PANAMA
2022-09-01,CONGO - BRAZZAVILLE,5,PANAMA
2022-09-01,CÔTE D’IVOIRE,0,PANAMA
2022-09-01,CUBA,490,PANAMA
2022-09-01,DOMINICAN REPUBLIC,388,PANAMA
2022-09-01,ECUADOR,2594,PANAMA
2022-09-01,EGYPT,0,PANAMA
2022-09-01,EL SALVADOR,0,PANAMA
2022-09-01,ERITREA,48,PANAMA
2022-09-01,ETHIOPIA,27,PANAMA
2022-09-01,FRENCH GUIANA,0,PANAMA
2022-09-01,GAMBIA,0,PANAMA
2022-09-01,GHANA,85,PANAMA
2022-09-01,GUATEMALA,0,PANAMA
2022-09-01,GUINEA,57,PANAMA
2022-09-01,GUYANA,0,PANAMA
2022-09-01,HAITI,2170,PANAMA
2022-09-01,HONDURAS,0,PANAMA
2022-09-01,INDIA,350,PANAMA
2022-09-01,IRAN,0,PANAMA
2022-09-01,KYRGYZSTAN,8,PANAMA
2022-09-01,LEBANON,0,PANAMA
2022-09-01,LIBERIA,0,PANAMA
2022-09-01,MALI,47,PANAMA
2022-09-01,MAURITANIA,28,PANAMA
2022-09-01,MEXICO,0,PANAMA
2022-09-01,NEPAL,117,PANAMA
2022-09-01,NICARAGUA,0,PANAMA
2022-09-01,NIGERIA,72,PANAMA
2022-09-01,OTHER,103,PANAMA
2022-09-01,PAKISTAN,16,PANAMA
2022-09-01,PALESTINE,0,PANAMA
2022-09-01,PANAMA,0,PANAMA
2022-09-01,PARAGUAY,0,PANAMA
2022-09-01,PERU,365,PANAMA
2022-09-01,SENEGAL,34,PANAMA
2022-09-01,SIERRA LEONE,10,PANAMA
2022-09-01,SOMALIA,134,PANAMA
2022-09-01,SRI LANKA,34,PANAMA
2022-09-01,SUDAN,0,PANAMA
2022-09-01,SYRIA,10,PANAMA
2022-09-01,TAJIKISTAN,20,PANAMA
2022-09-01,TOGO,3,PANAMA
2022-09-01,URUGUAY,0,PANAMA
2022-09-01,UZBEKISTAN,48,PANAMA
2022-09-01,VENEZUELA,38399,PANAMA
2022-09-01,VIETNAM,0,PANAMA
2022-09-01,YEMEN,0,PANAMA
2022-08-01,AFGHANISTAN,128,PANAMA
2022-08-01,AFRICA,0,PANAMA
2022-08-01,ANGOLA,71,PANAMA
2022-08-01,ARGENTINA,0,PANAMA
2022-08-01,BANGLADESH,150,PANAMA
2022-08-01,BENIN,0,PANAMA
2022-08-01,BOLIVIA,0,PANAMA
2022-08-01,BRAZIL,271,PANAMA
2022-08-01,BURKINA FASO,36,PANAMA
2022-08-01,BURUNDI,0,PANAMA
2022-08-01,CAMEROON,132,PANAMA
2022-08-01,CHAD,0,PANAMA
2022-08-01,CHILE,112,PANAMA
2022-08-01,CHINA,119,PANAMA
2022-08-01,COLOMBIA,569,PANAMA
2022-08-01,CONGO - BRAZZAVILLE,47,PANAMA
2022-08-01,CÔTE D’IVOIRE,0,PANAMA
2022-08-01,CUBA,589,PANAMA
2022-08-01,DOMINICAN REPUBLIC,373,PANAMA
2022-08-01,ECUADOR,1581,PANAMA
2022-08-01,EGYPT,0,PANAMA
2022-08-01,EL SALVADOR,0,PANAMA
2022-08-01,ERITREA,69,PANAMA
2022-08-01,ETHIOPIA,26,PANAMA
2022-08-01,FRENCH GUIANA,0,PANAMA
2022-08-01,GAMBIA,0,PANAMA
2022-08-01,GHANA,91,PANAMA
2022-08-01,GUATEMALA,0,PANAMA
2022-08-01,GUINEA,39,PANAMA
2022-08-01,GUYANA,0,PANAMA
2022-08-01,HAITI,1538,PANAMA
2022-08-01,HONDURAS,0,PANAMA
2022-08-01,INDIA,332,PANAMA
2022-08-01,IRAN,0,PANAMA
2022-08-01,KYRGYZSTAN,11,PANAMA
2022-08-01,LEBANON,0,PANAMA
2022-08-01,LIBERIA,0,PANAMA
2022-08-01,MALI,31,PANAMA
2022-08-01,MAURITANIA,53,PANAMA
2022-08-01,MEXICO,0,PANAMA
2022-08-01,NEPAL,276,PANAMA
2022-08-01,NICARAGUA,0,PANAMA
2022-08-01,NIGERIA,63,PANAMA
2022-08-01,OTHER,132,PANAMA
2022-08-01,PAKISTAN,24,PANAMA
2022-08-01,PALESTINE,0,PANAMA
2022-08-01,PANAMA,0,PANAMA
2022-08-01,PARAGUAY,0,PANAMA
2022-08-01,PERU,247,PANAMA
2022-08-01,SENEGAL,95,PANAMA
2022-08-01,SIERRA LEONE,6,PANAMA
2022-08-01,SOMALIA,182,PANAMA
2022-08-01,SRI LANKA,13,PANAMA
2022-08-01,SUDAN,0,PANAMA
2022-08-01,SYRIA,4,PANAMA
2022-08-01,TAJIKISTAN,30,PANAMA
2022-08-01,TOGO,4,PANAMA
2022-08-01,URUGUAY,0,PANAMA
2022-08-01,UZBEKISTAN,28,PANAMA
2022-08-01,VENEZUELA,23632,PANAMA
2022-08-01,VIETNAM,0,PANAMA
2022-08-01,YEMEN,0,PANAMA
2022-07-01,AFGHANISTAN,162,PANAMA
2022-07-01,AFRICA,0,PANAMA
2022-07-01,ANGOLA,68,PANAMA
2022-07-01,ARGENTINA,0,PANAMA
2022-07-01,BANGLADESH,236,PANAMA
2022-07-01,BENIN,0,PANAMA
2022-07-01,BOLIVIA,0,PANAMA
2022-07-01,BRAZIL,149,PANAMA
2022-07-01,BURKINA FASO,33,PANAMA
2022-07-01,BURUNDI,0,PANAMA
2022-07-01,CAMEROON,210,PANAMA
2022-07-01,CHAD,0,PANAMA
2022-07-01,CHILE,75,PANAMA
2022-07-01,CHINA,85,PANAMA
2022-07-01,COLOMBIA,407,PANAMA
2022-07-01,CONGO - BRAZZAVILLE,64,PANAMA
2022-07-01,CÔTE D’IVOIRE,0,PANAMA
2022-07-01,CUBA,574,PANAMA
2022-07-01,DOMINICAN REPUBLIC,194,PANAMA
2022-07-01,ECUADOR,883,PANAMA
2022-07-01,EGYPT,0,PANAMA
2022-07-01,EL SALVADOR,0,PANAMA
2022-07-01,ERITREA,91,PANAMA
2022-07-01,ETHIOPIA,23,PANAMA
2022-07-01,FRENCH GUIANA,0,PANAMA
2022-07-01,GAMBIA,0,PANAMA
2022-07-01,GHANA,84,PANAMA
2022-07-01,GUATEMALA,0,PANAMA
2022-07-01,GUINEA,31,PANAMA
2022-07-01,GUYANA,0,PANAMA
2022-07-01,HAITI,1021,PANAMA
2022-07-01,HONDURAS,0,PANAMA
2022-07-01,INDIA,431,PANAMA
2022-07-01,IRAN,0,PANAMA
2022-07-01,KYRGYZSTAN,17,PANAMA
2022-07-01,LEBANON,0,PANAMA
2022-07-01,LIBERIA,0,PANAMA
2022-07-01,MALI,17,PANAMA
2022-07-01,MAURITANIA,31,PANAMA
2022-07-01,MEXICO,0,PANAMA
2022-07-01,NEPAL,217,PANAMA
2022-07-01,NICARAGUA,0,PANAMA
2022-07-01,NIGERIA,31,PANAMA
2022-07-01,OTHER,103,PANAMA
2022-07-01,PAKISTAN,17,PANAMA
2022-07-01,PALESTINE,0,PANAMA
2022-07-01,PANAMA,0,PANAMA
2022-07-01,PARAGUAY,0,PANAMA
2022-07-01,PERU,136,PANAMA
2022-07-01,SENEGAL,77,PANAMA
2022-07-01,SIERRA LEONE,23,PANAMA
2022-07-01,SOMALIA,201,PANAMA
2022-07-01,SRI LANKA,7,PANAMA
2022-07-01,SUDAN,0,PANAMA
2022-07-01,SYRIA,7,PANAMA
2022-07-01,TAJIKISTAN,16,PANAMA
2022-07-01,TOGO,4,PANAMA
2022-07-01,URUGUAY,0,PANAMA
2022-07-01,UZBEKISTAN,31,PANAMA
2022-07-01,VENEZUELA,17066,PANAMA
2022-07-01,VIETNAM,0,PANAMA
2022-07-01,YEMEN,0,PANAMA
2022-06-01,AFGHANISTAN,82,PANAMA
2022-06-01,AFRICA,0,PANAMA
2022-06-01,ANGOLA,26,PANAMA
2022-06-01,ARGENTINA,0,PANAMA
2022-06-01,BANGLADESH,210,PANAMA
2022-06-01,BENIN,0,PANAMA
2022-06-01,BOLIVIA,0,PANAMA
2022-06-01,BRAZIL,121,PANAMA
2022-06-01,BURKINA FASO,24,PANAMA
2022-06-01,BURUNDI,0,PANAMA
2022-06-01,CAMEROON,41,PANAMA
2022-06-01,CHAD,0,PANAMA
2022-06-01,CHILE,44,PANAMA
2022-06-01,CHINA,66,PANAMA
2022-06-01,COLOMBIA,287,PANAMA
2022-06-01,CONGO - BRAZZAVILLE,13,PANAMA
2022-06-01,CÔTE D’IVOIRE,0,PANAMA
2022-06-01,CUBA,416,PANAMA
2022-06-01,DOMINICAN REPUBLIC,88,PANAMA
2022-06-01,ECUADOR,555,PANAMA
2022-06-01,EGYPT,0,PANAMA
2022-06-01,EL SALVADOR,0,PANAMA
2022-06-01,ERITREA,50,PANAMA
2022-06-01,ETHIOPIA,15,PANAMA
2022-06-01,FRENCH GUIANA,0,PANAMA
2022-06-01,GAMBIA,0,PANAMA
2022-06-01,GHANA,354,PANAMA
2022-06-01,GUATEMALA,0,PANAMA
2022-06-01,GUINEA,37,PANAMA
2022-06-01,GUYANA,0,PANAMA
2022-06-01,HAITI,860,PANAMA
2022-06-01,HONDURAS,0,PANAMA
2022-06-01,INDIA,228,PANAMA
2022-06-01,IRAN,0,PANAMA
2022-06-01,KYRGYZSTAN,14,PANAMA
2022-06-01,LEBANON,0,PANAMA
2022-06-01,LIBERIA,0,PANAMA
2022-06-01,MALI,10,PANAMA
2022-06-01,MAURITANIA,17,PANAMA
2022-06-01,MEXICO,0,PANAMA
2022-06-01,NEPAL,136,PANAMA
2022-06-01,NICARAGUA,0,PANAMA
2022-06-01,NIGERIA,49,PANAMA
2022-06-01,OTHER,87,PANAMA
2022-06-01,PAKISTAN,24,PANAMA
2022-06-01,PALESTINE,0,PANAMA
2022-06-01,PANAMA,0,PANAMA
2022-06-01,PARAGUAY,0,PANAMA
2022-06-01,PERU,109,PANAMA
2022-06-01,SENEGAL,109,PANAMA
2022-06-01,SIERRA LEONE,8,PANAMA
2022-06-01,SOMALIA,149,PANAMA
2022-06-01,SRI LANKA,15,PANAMA
2022-06-01,SUDAN,0,PANAMA
2022-06-01,SYRIA,4,PANAMA
2022-06-01,TAJIKISTAN,7,PANAMA
2022-06-01,TOGO,5,PANAMA
2022-06-01,URUGUAY,0,PANAMA
2022-06-01,UZBEKISTAN,14,PANAMA
2022-06-01,VENEZUELA,11359,PANAMA
2022-06-01,VIETNAM,0,PANAMA
2022-06-01,YEMEN,0,PANAMA
2022-05-01,AFGHANISTAN,67,PANAMA
2022-05-01,AFRICA,0,PANAMA
2022-05-01,ANGOLA,32,PANAMA
2022-05-01,ARGENTINA,0,PANAMA
2022-05-01,BANGLADESH,254,PANAMA
2022-05-01,BENIN,0,PANAMA
2022-05-01,BOLIVIA,0,PANAMA
2022-05-01,BRAZIL,150,PANAMA
2022-05-01,BURKINA FASO,25,PANAMA
2022-05-01,BURUNDI,0,PANAMA
2022-05-01,CAMEROON,103,PANAMA
2022-05-01,CHAD,0,PANAMA
2022-05-01,CHILE,37,PANAMA
2022-05-01,CHINA,67,PANAMA
2022-05-01,COLOMBIA,248,PANAMA
2022-05-01,CONGO - BRAZZAVILLE,24,PANAMA
2022-05-01,CÔTE D’IVOIRE,0,PANAMA
2022-05-01,CUBA,567,PANAMA
2022-05-01,DOMINICAN REPUBLIC,115,PANAMA
2022-05-01,ECUADOR,527,PANAMA
2022-05-01,EGYPT,0,PANAMA
2022-05-01,EL SALVADOR,0,PANAMA
2022-05-01,ERITREA,72,PANAMA
2022-05-01,ETHIOPIA,20,PANAMA
2022-05-01,FRENCH GUIANA,0,PANAMA
2022-05-01,GAMBIA,0,PANAMA
2022-05-01,GHANA,88,PANAMA
2022-05-01,GUATEMALA,0,PANAMA
2022-05-01,GUINEA,39,PANAMA
2022-05-01,GUYANA,0,PANAMA
2022-05-01,HAITI,810,PANAMA
2022-05-01,HONDURAS,0,PANAMA
2022-05-01,INDIA,179,PANAMA
2022-05-01,IRAN,0,PANAMA
2022-05-01,KYRGYZSTAN,5,PANAMA
2022-05-01,LEBANON,0,PANAMA
2022-05-01,LIBERIA,0,PANAMA
2022-05-01,MALI,19,PANAMA
2022-05-01,MAURITANIA,15,PANAMA
2022-05-01,MEXICO,0,PANAMA
2022-05-01,NEPAL,75,PANAMA
2022-05-01,NICARAGUA,0,PANAMA
2022-05-01,NIGERIA,41,PANAMA
2022-05-01,OTHER,65,PANAMA
2022-05-01,PAKISTAN,30,PANAMA
2022-05-01,PALESTINE,0,PANAMA
2022-05-01,PANAMA,0,PANAMA
2022-05-01,PARAGUAY,0,PANAMA
2022-05-01,PERU,88,PANAMA
2022-05-01,SENEGAL,127,PANAMA
2022-05-01,SIERRA LEONE,10,PANAMA
2022-05-01,SOMALIA,103,PANAMA
2022-05-01,SRI LANKA,26,PANAMA
2022-05-01,SUDAN,0,PANAMA
2022-05-01,SYRIA,13,PANAMA
2022-05-01,TAJIKISTAN,1,PANAMA
2022-05-01,TOGO,2,PANAMA
2022-05-01,URUGUAY,0,PANAMA
2022-05-01,UZBEKISTAN,6,PANAMA
2022-05-01,VENEZUELA,9844,PANAMA
2022-05-01,VIETNAM,0,PANAMA
2022-05-01,YEMEN,0,PANAMA
2022-04-01,AFGHANISTAN,31,PANAMA
2022-04-01,AFRICA,0,PANAMA
2022-04-01,ANGOLA,107,PANAMA
2022-04-01,ARGENTINA,0,PANAMA
2022-04-01,BANGLADESH,126,PANAMA
2022-04-01,BENIN,0,PANAMA
2022-04-01,BOLIVIA,0,PANAMA
2022-04-01,BRAZIL,134,PANAMA
2022-04-01,BURKINA FASO,19,PANAMA
2022-04-01,BURUNDI,0,PANAMA
2022-04-01,CAMEROON,91,PANAMA
2022-04-01,CHAD,0,PANAMA
2022-04-01,CHILE,23,PANAMA
2022-04-01,CHINA,59,PANAMA
2022-04-01,COLOMBIA,72,PANAMA
2022-04-01,CONGO - BRAZZAVILLE,38,PANAMA
2022-04-01,CÔTE D’IVOIRE,0,PANAMA
2022-04-01,CUBA,634,PANAMA
2022-04-01,DOMINICAN REPUBLIC,48,PANAMA
2022-04-01,ECUADOR,181,PANAMA
2022-04-01,EGYPT,0,PANAMA
2022-04-01,EL SALVADOR,0,PANAMA
2022-04-01,ERITREA,56,PANAMA
2022-04-01,ETHIOPIA,21,PANAMA
2022-04-01,FRENCH GUIANA,0,PANAMA
2022-04-01,GAMBIA,0,PANAMA
2022-04-01,GHANA,141,PANAMA
2022-04-01,GUATEMALA,0,PANAMA
2022-04-01,GUINEA,40,PANAMA
2022-04-01,GUYANA,0,PANAMA
2022-04-01,HAITI,628,PANAMA
2022-04-01,HONDURAS,0,PANAMA
2022-04-01,INDIA,172,PANAMA
2022-04-01,IRAN,0,PANAMA
2022-04-01,KYRGYZSTAN,21,PANAMA
2022-04-01,LEBANON,0,PANAMA
2022-04-01,LIBERIA,0,PANAMA
2022-04-01,MALI,13,PANAMA
2022-04-01,MAURITANIA,21,PANAMA
2022-04-01,MEXICO,0,PANAMA
2022-04-01,NEPAL,121,PANAMA
2022-04-01,NICARAGUA,0,PANAMA
2022-04-01,NIGERIA,53,PANAMA
2022-04-01,OTHER,63,PANAMA
2022-04-01,PAKISTAN,18,PANAMA
2022-04-01,PALESTINE,0,PANAMA
2022-04-01,PANAMA,0,PANAMA
2022-04-01,PARAGUAY,0,PANAMA
2022-04-01,PERU,29,PANAMA
2022-04-01,SENEGAL,328,PANAMA
2022-04-01,SIERRA LEONE,27,PANAMA
2022-04-01,SOMALIA,83,PANAMA
2022-04-01,SRI LANKA,12,PANAMA
2022-04-01,SUDAN,0,PANAMA
2022-04-01,SYRIA,3,PANAMA
2022-04-01,TAJIKISTAN,2,PANAMA
2022-04-01,TOGO,12,PANAMA
2022-04-01,URUGUAY,0,PANAMA
2022-04-01,UZBEKISTAN,13,PANAMA
2022-04-01,VENEZUELA,2694,PANAMA
2022-04-01,VIETNAM,0,PANAMA
2022-04-01,YEMEN,0,PANAMA
2022-03-01,AFGHANISTAN,40,PANAMA
2022-03-01,AFRICA,0,PANAMA
2022-03-01,ANGOLA,378,PANAMA
2022-03-01,ARGENTINA,0,PANAMA
2022-03-01,BANGLADESH,201,PANAMA
2022-03-01,BENIN,0,PANAMA
2022-03-01,BOLIVIA,0,PANAMA
2022-03-01,BRAZIL,160,PANAMA
2022-03-01,BURKINA FASO,22,PANAMA
2022-03-01,BURUNDI,0,PANAMA
2022-03-01,CAMEROON,92,PANAMA
2022-03-01,CHAD,0,PANAMA
2022-03-01,CHILE,13,PANAMA
2022-03-01,CHINA,56,PANAMA
2022-03-01,COLOMBIA,59,PANAMA
2022-03-01,CONGO - BRAZZAVILLE,143,PANAMA
2022-03-01,CÔTE D’IVOIRE,0,PANAMA
2022-03-01,CUBA,361,PANAMA
2022-03-01,DOMINICAN REPUBLIC,30,PANAMA
2022-03-01,ECUADOR,121,PANAMA
2022-03-01,EGYPT,0,PANAMA
2022-03-01,EL SALVADOR,0,PANAMA
2022-03-01,ERITREA,34,PANAMA
2022-03-01,ETHIOPIA,4,PANAMA
2022-03-01,FRENCH GUIANA,0,PANAMA
2022-03-01,GAMBIA,0,PANAMA
2022-03-01,GHANA,90,PANAMA
2022-03-01,GUATEMALA,0,PANAMA
2022-03-01,GUINEA,44,PANAMA
2022-03-01,GUYANA,0,PANAMA
2022-03-01,HAITI,485,PANAMA
2022-03-01,HONDURAS,0,PANAMA
2022-03-01,INDIA,88,PANAMA
2022-03-01,IRAN,0,PANAMA
2022-03-01,KYRGYZSTAN,2,PANAMA
2022-03-01,LEBANON,0,PANAMA
2022-03-01,LIBERIA,0,PANAMA
2022-03-01,MALI,19,PANAMA
2022-03-01,MAURITANIA,8,PANAMA
2022-03-01,MEXICO,0,PANAMA
2022-03-01,NEPAL,56,PANAMA
2022-03-01,NICARAGUA,0,PANAMA
2022-03-01,NIGERIA,45,PANAMA
2022-03-01,OTHER,85,PANAMA
2022-03-01,PAKISTAN,20,PANAMA
2022-03-01,PALESTINE,0,PANAMA
2022-03-01,PANAMA,0,PANAMA
2022-03-01,PARAGUAY,0,PANAMA
2022-03-01,PERU,18,PANAMA
2022-03-01,SENEGAL,264,PANAMA
2022-03-01,SIERRA LEONE,9,PANAMA
2022-03-01,SOMALIA,60,PANAMA
2022-03-01,SRI LANKA,12,PANAMA
2022-03-01,SUDAN,0,PANAMA
2022-03-01,SYRIA,21,PANAMA
2022-03-01,TAJIKISTAN,17,PANAMA
2022-03-01,TOGO,6,PANAMA
2022-03-01,URUGUAY,0,PANAMA
2022-03-01,UZBEKISTAN,60,PANAMA
2022-03-01,VENEZUELA,1704,PANAMA
2022-03-01,VIETNAM,0,PANAMA
2022-03-01,YEMEN,0,PANAMA
2022-02-01,AFGHANISTAN,3,PANAMA
2022-02-01,AFRICA,0,PANAMA
2022-02-01,ANGOLA,304,PANAMA
2022-02-01,ARGENTINA,0,PANAMA
2022-02-01,BANGLADESH,81,PANAMA
2022-02-01,BENIN,0,PANAMA
2022-02-01,BOLIVIA,0,PANAMA
2022-02-01,BRAZIL,139,PANAMA
2022-02-01,BURKINA FASO,17,PANAMA
2022-02-01,BURUNDI,0,PANAMA
2022-02-01,CAMEROON,24,PANAMA
2022-02-01,CHAD,0,PANAMA
2022-02-01,CHILE,17,PANAMA
2022-02-01,CHINA,39,PANAMA
2022-02-01,COLOMBIA,72,PANAMA
2022-02-01,CONGO - BRAZZAVILLE,141,PANAMA
2022-02-01,CÔTE D’IVOIRE,0,PANAMA
2022-02-01,CUBA,334,PANAMA
2022-02-01,DOMINICAN REPUBLIC,12,PANAMA
2022-02-01,ECUADOR,156,PANAMA
2022-02-01,EGYPT,0,PANAMA
2022-02-01,EL SALVADOR,0,PANAMA
2022-02-01,ERITREA,32,PANAMA
2022-02-01,ETHIOPIA,7,PANAMA
2022-02-01,FRENCH GUIANA,0,PANAMA
2022-02-01,GAMBIA,0,PANAMA
2022-02-01,GHANA,83,PANAMA
2022-02-01,GUATEMALA,0,PANAMA
2022-02-01,GUINEA,10,PANAMA
2022-02-01,GUYANA,0,PANAMA
2022-02-01,HAITI,471,PANAMA
2022-02-01,HONDURAS,0,PANAMA
2022-02-01,INDIA,74,PANAMA
2022-02-01,IRAN,0,PANAMA
2022-02-01,KYRGYZSTAN,31,PANAMA
2022-02-01,LEBANON,0,PANAMA
2022-02-01,LIBERIA,0,PANAMA
2022-02-01,MALI,12,PANAMA
2022-02-01,MAURITANIA,7,PANAMA
2022-02-01,MEXICO,0,PANAMA
2022-02-01,NEPAL,64,PANAMA
2022-02-01,NICARAGUA,0,PANAMA
2022-02-01,NIGERIA,54,PANAMA
2022-02-01,OTHER,76,PANAMA
2022-02-01,PAKISTAN,9,PANAMA
2022-02-01,PALESTINE,0,PANAMA
2022-02-01,PANAMA,0,PANAMA
2022-02-01,PARAGUAY,0,PANAMA
2022-02-01,PERU,23,PANAMA
2022-02-01,SENEGAL,280,PANAMA
2022-02-01,SIERRA LEONE,6,PANAMA
2022-02-01,SOMALIA,27,PANAMA
2022-02-01,SRI LANKA,12,PANAMA
2022-02-01,SUDAN,0,PANAMA
2022-02-01,SYRIA,3,PANAMA
2022-02-01,TAJIKISTAN,11,PANAMA
2022-02-01,TOGO,16,PANAMA
2022-02-01,URUGUAY,0,PANAMA
2022-02-01,UZBEKISTAN,42,PANAMA
2022-02-01,VENEZUELA,1573,PANAMA
2022-02-01,VIETNAM,0,PANAMA
2022-02-01,YEMEN,0,PANAMA
2022-01-01,AFGHANISTAN,1,PANAMA
2022-01-01,AFRICA,0,PANAMA
2022-01-01,ANGOLA,198,PANAMA
2022-01-01,ARGENTINA,0,PANAMA
2022-01-01,BANGLADESH,70,PANAMA
2022-01-01,BENIN,0,PANAMA
2022-01-01,BOLIVIA,0,PANAMA
2022-01-01,BRAZIL,168,PANAMA
2022-01-01,BURKINA FASO,18,PANAMA
2022-01-01,BURUNDI,0,PANAMA
2022-01-01,CAMEROON,31,PANAMA
2022-01-01,CHAD,0,PANAMA
2022-01-01,CHILE,9,PANAMA
2022-01-01,CHINA,32,PANAMA
2022-01-01,COLOMBIA,48,PANAMA
2022-01-01,CONGO - BRAZZAVILLE,69,PANAMA
2022-01-01,CÔTE D’IVOIRE,0,PANAMA
2022-01-01,CUBA,367,PANAMA
2022-01-01,DOMINICAN REPUBLIC,15,PANAMA
2022-01-01,ECUADOR,100,PANAMA
2022-01-01,EGYPT,0,PANAMA
2022-01-01,EL SALVADOR,0,PANAMA
2022-01-01,ERITREA,30,PANAMA
2022-01-01,ETHIOPIA,9,PANAMA
2022-01-01,FRENCH GUIANA,0,PANAMA
2022-01-01,GAMBIA,0,PANAMA
2022-01-01,GHANA,113,PANAMA
2022-01-01,GUATEMALA,0,PANAMA
2022-01-01,GUINEA,40,PANAMA
2022-01-01,GUYANA,0,PANAMA
2022-01-01,HAITI,630,PANAMA
2022-01-01,HONDURAS,0,PANAMA
2022-01-01,INDIA,67,PANAMA
2022-01-01,IRAN,0,PANAMA
2022-01-01,KYRGYZSTAN,3,PANAMA
2022-01-01,LEBANON,0,PANAMA
2022-01-01,LIBERIA,0,PANAMA
2022-01-01,MALI,18,PANAMA
2022-01-01,MAURITANIA,18,PANAMA
2022-01-01,MEXICO,0,PANAMA
2022-01-01,NEPAL,108,PANAMA
2022-01-01,NICARAGUA,0,PANAMA
2022-01-01,NIGERIA,23,PANAMA
2022-01-01,OTHER,80,PANAMA
2022-01-01,PAKISTAN,27,PANAMA
2022-01-01,PALESTINE,0,PANAMA
2022-01-01,PANAMA,0,PANAMA
2022-01-01,PARAGUAY,0,PANAMA
2022-01-01,PERU,17,PANAMA
2022-01-01,SENEGAL,589,PANAMA
2022-01-01,SIERRA LEONE,18,PANAMA
2022-01-01,SOMALIA,84,PANAMA
2022-01-01,SRI LANKA,5,PANAMA
2022-01-01,SUDAN,0,PANAMA
2022-01-01,SYRIA,6,PANAMA
2022-01-01,TAJIKISTAN,88,PANAMA
2022-01-01,TOGO,18,PANAMA
2022-01-01,URUGUAY,0,PANAMA
2022-01-01,UZBEKISTAN,164,PANAMA
2022-01-01,VENEZUELA,1421,PANAMA
2022-01-01,VIETNAM,0,PANAMA
2022-01-01,YEMEN,0,PANAMA
2021-12-01,AFGHANISTAN,0,PANAMA
2021-12-01,AFRICA,109,PANAMA
2021-12-01,ANGOLA,100,PANAMA
2021-12-01,ARGENTINA,7,PANAMA
2021-12-01,BANGLADESH,151,PANAMA
2021-12-01,BENIN,0,PANAMA
2021-12-01,BOLIVIA,0,PANAMA
2021-12-01,BRAZIL,163,PANAMA
2021-12-01,BURKINA FASO,14,PANAMA
2021-12-01,BURUNDI,0,PANAMA
2021-12-01,CAMEROON,29,PANAMA
2021-12-01,CHAD,0,PANAMA
2021-12-01,CHILE,22,PANAMA
2021-12-01,CHINA,0,PANAMA
2021-12-01,COLOMBIA,42,PANAMA
2021-12-01,CONGO - BRAZZAVILLE,29,PANAMA
2021-12-01,CÔTE D’IVOIRE,0,PANAMA
2021-12-01,CUBA,997,PANAMA
2021-12-01,DOMINICAN REPUBLIC,6,PANAMA
2021-12-01,ECUADOR,43,PANAMA
2021-12-01,EGYPT,0,PANAMA
2021-12-01,EL SALVADOR,0,PANAMA
2021-12-01,ERITREA,16,PANAMA
2021-12-01,ETHIOPIA,0,PANAMA
2021-12-01,FRENCH GUIANA,29,PANAMA
2021-12-01,GAMBIA,0,PANAMA
2021-12-01,GHANA,60,PANAMA
2021-12-01,GUATEMALA,0,PANAMA
2021-12-01,GUINEA,2,PANAMA
2021-12-01,GUYANA,0,PANAMA
2021-12-01,HAITI,751,PANAMA
2021-12-01,HONDURAS,0,PANAMA
2021-12-01,INDIA,71,PANAMA
2021-12-01,IRAN,0,PANAMA
2021-12-01,KYRGYZSTAN,0,PANAMA
2021-12-01,LEBANON,0,PANAMA
2021-12-01,LIBERIA,0,PANAMA
2021-12-01,MALI,39,PANAMA
2021-12-01,MAURITANIA,8,PANAMA
2021-12-01,MEXICO,0,PANAMA
2021-12-01,NEPAL,108,PANAMA
2021-12-01,NICARAGUA,0,PANAMA
2021-12-01,NIGERIA,12,PANAMA
2021-12-01,OTHER,126,PANAMA
2021-12-01,PAKISTAN,21,PANAMA
2021-12-01,PALESTINE,0,PANAMA
2021-12-01,PANAMA,0,PANAMA
2021-12-01,PARAGUAY,32,PANAMA
2021-12-01,PERU,0,PANAMA
2021-12-01,SENEGAL,192,PANAMA
2021-12-01,SIERRA LEONE,55,PANAMA
2021-12-01,SOMALIA,17,PANAMA
2021-12-01,SRI LANKA,0,PANAMA
2021-12-01,SUDAN,0,PANAMA
2021-12-01,SYRIA,0,PANAMA
2021-12-01,TAJIKISTAN,0,PANAMA
2021-12-01,TOGO,25,PANAMA
2021-12-01,URUGUAY,32,PANAMA
2021-12-01,UZBEKISTAN,343,PANAMA
2021-12-01,VENEZUELA,542,PANAMA
2021-12-01,VIETNAM,0,PANAMA
2021-12-01,YEMEN,1,PANAMA
2021-11-01,AFGHANISTAN,0,PANAMA
2021-11-01,AFRICA,370,PANAMA
2021-11-01,ANGOLA,70,PANAMA
2021-11-01,ARGENTINA,1,PANAMA
2021-11-01,BANGLADESH,222,PANAMA
2021-11-01,BENIN,0,PANAMA
2021-11-01,BOLIVIA,0,PANAMA
2021-11-01,BRAZIL,438,PANAMA
2021-11-01,BURKINA FASO,7,PANAMA
2021-11-01,BURUNDI,0,PANAMA
2021-11-01,CAMEROON,69,PANAMA
2021-11-01,CHAD,0,PANAMA
2021-11-01,CHILE,46,PANAMA
2021-11-01,CHINA,0,PANAMA
2021-11-01,COLOMBIA,18,PANAMA
2021-11-01,CONGO - BRAZZAVILLE,46,PANAMA
2021-11-01,CÔTE D’IVOIRE,0,PANAMA
2021-11-01,CUBA,1639,PANAMA
2021-11-01,DOMINICAN REPUBLIC,21,PANAMA
2021-11-01,ECUADOR,65,PANAMA
2021-11-01,EGYPT,0,PANAMA
2021-11-01,EL SALVADOR,0,PANAMA
2021-11-01,ERITREA,22,PANAMA
2021-11-01,ETHIOPIA,0,PANAMA
2021-11-01,FRENCH GUIANA,54,PANAMA
2021-11-01,GAMBIA,0,PANAMA
2021-11-01,GHANA,77,PANAMA
2021-11-01,GUATEMALA,0,PANAMA
2021-11-01,GUINEA,23,PANAMA
2021-11-01,GUYANA,26,PANAMA
2021-11-01,HAITI,3111,PANAMA
2021-11-01,HONDURAS,0,PANAMA
2021-11-01,INDIA,158,PANAMA
2021-11-01,IRAN,0,PANAMA
2021-11-01,KYRGYZSTAN,0,PANAMA
2021-11-01,LEBANON,0,PANAMA
2021-11-01,LIBERIA,0,PANAMA
2021-11-01,MALI,9,PANAMA
2021-11-01,MAURITANIA,23,PANAMA
2021-11-01,MEXICO,0,PANAMA
2021-11-01,NEPAL,30,PANAMA
2021-11-01,NICARAGUA,0,PANAMA
2021-11-01,NIGERIA,9,PANAMA
2021-11-01,OTHER,158,PANAMA
2021-11-01,PAKISTAN,18,PANAMA
2021-11-01,PALESTINE,0,PANAMA
2021-11-01,PANAMA,0,PANAMA
2021-11-01,PARAGUAY,196,PANAMA
2021-11-01,PERU,0,PANAMA
2021-11-01,SENEGAL,135,PANAMA
2021-11-01,SIERRA LEONE,22,PANAMA
2021-11-01,SOMALIA,33,PANAMA
2021-11-01,SRI LANKA,33,PANAMA
2021-11-01,SUDAN,0,PANAMA
2021-11-01,SYRIA,0,PANAMA
2021-11-01,TAJIKISTAN,0,PANAMA
2021-11-01,TOGO,24,PANAMA
2021-11-01,URUGUAY,25,PANAMA
2021-11-01,UZBEKISTAN,165,PANAMA
2021-11-01,VENEZUELA,352,PANAMA
2021-11-01,VIETNAM,0,PANAMA
2021-11-01,YEMEN,47,PANAMA
2021-10-01,AFGHANISTAN,0,PANAMA
2021-10-01,AFRICA,0,PANAMA
2021-10-01,ANGOLA,45,PANAMA
2021-10-01,ARGENTINA,23,PANAMA
2021-10-01,BANGLADESH,325,PANAMA
2021-10-01,BENIN,0,PANAMA
2021-10-01,BOLIVIA,0,PANAMA
2021-10-01,BRAZIL,2011,PANAMA
2021-10-01,BURKINA FASO,13,PANAMA
2021-10-01,BURUNDI,0,PANAMA
2021-10-01,CAMEROON,73,PANAMA
2021-10-01,CHAD,0,PANAMA
2021-10-01,CHILE,1501,PANAMA
2021-10-01,CHINA,0,PANAMA
2021-10-01,COLOMBIA,29,PANAMA
2021-10-01,CONGO - BRAZZAVILLE,40,PANAMA
2021-10-01,CÔTE D’IVOIRE,0,PANAMA
2021-10-01,CUBA,3018,PANAMA
2021-10-01,DOMINICAN REPUBLIC,64,PANAMA
2021-10-01,ECUADOR,88,PANAMA
2021-10-01,EGYPT,0,PANAMA
2021-10-01,EL SALVADOR,0,PANAMA
2021-10-01,ERITREA,24,PANAMA
2021-10-01,ETHIOPIA,0,PANAMA
2021-10-01,FRENCH GUIANA,2,PANAMA
2021-10-01,GAMBIA,0,PANAMA
2021-10-01,GHANA,284,PANAMA
2021-10-01,GUATEMALA,0,PANAMA
2021-10-01,GUINEA,41,PANAMA
2021-10-01,GUYANA,107,PANAMA
2021-10-01,HAITI,17114,PANAMA
2021-10-01,HONDURAS,0,PANAMA
2021-10-01,INDIA,65,PANAMA
2021-10-01,IRAN,0,PANAMA
2021-10-01,KYRGYZSTAN,0,PANAMA
2021-10-01,LEBANON,0,PANAMA
2021-10-01,LIBERIA,0,PANAMA
2021-10-01,MALI,11,PANAMA
2021-10-01,MAURITANIA,10,PANAMA
2021-10-01,MEXICO,0,PANAMA
2021-10-01,NEPAL,77,PANAMA
2021-10-01,NICARAGUA,0,PANAMA
2021-10-01,NIGERIA,21,PANAMA
2021-10-01,OTHER,98,PANAMA
2021-10-01,PAKISTAN,20,PANAMA
2021-10-01,PALESTINE,0,PANAMA
2021-10-01,PANAMA,0,PANAMA
2021-10-01,PARAGUAY,0,PANAMA
2021-10-01,PERU,0,PANAMA
2021-10-01,SENEGAL,81,PANAMA
2021-10-01,SIERRA LEONE,33,PANAMA
2021-10-01,SOMALIA,3,PANAMA
2021-10-01,SRI LANKA,8,PANAMA
2021-10-01,SUDAN,0,PANAMA
2021-10-01,SYRIA,0,PANAMA
2021-10-01,TAJIKISTAN,0,PANAMA
2021-10-01,TOGO,17,PANAMA
2021-10-01,URUGUAY,45,PANAMA
2021-10-01,UZBEKISTAN,268,PANAMA
2021-10-01,VENEZUELA,339,PANAMA
2021-10-01,VIETNAM,0,PANAMA
2021-10-01,YEMEN,6,PANAMA
2021-09-01,AFGHANISTAN,0,PANAMA
2021-09-01,AFRICA,0,PANAMA
2021-09-01,ANGOLA,25,PANAMA
2021-09-01,ARGENTINA,13,PANAMA
2021-09-01,BANGLADESH,102,PANAMA
2021-09-01,BENIN,0,PANAMA
2021-09-01,BOLIVIA,0,PANAMA
2021-09-01,BRAZIL,2658,PANAMA
2021-09-01,BURKINA FASO,21,PANAMA
2021-09-01,BURUNDI,0,PANAMA
2021-09-01,CAMEROON,24,PANAMA
2021-09-01,CHAD,0,PANAMA
2021-09-01,CHILE,2206,PANAMA
2021-09-01,CHINA,0,PANAMA
2021-09-01,COLOMBIA,31,PANAMA
2021-09-01,CONGO - BRAZZAVILLE,21,PANAMA
2021-09-01,CÔTE D’IVOIRE,0,PANAMA
2021-09-01,CUBA,1566,PANAMA
2021-09-01,DOMINICAN REPUBLIC,38,PANAMA
2021-09-01,ECUADOR,48,PANAMA
2021-09-01,EGYPT,0,PANAMA
2021-09-01,EL SALVADOR,0,PANAMA
2021-09-01,ERITREA,18,PANAMA
2021-09-01,ETHIOPIA,0,PANAMA
2021-09-01,FRENCH GUIANA,0,PANAMA
2021-09-01,GAMBIA,0,PANAMA
2021-09-01,GHANA,194,PANAMA
2021-09-01,GUATEMALA,0,PANAMA
2021-09-01,GUINEA,25,PANAMA
2021-09-01,GUYANA,44,PANAMA
2021-09-01,HAITI,13876,PANAMA
2021-09-01,HONDURAS,0,PANAMA
2021-09-01,INDIA,40,PANAMA
2021-09-01,IRAN,0,PANAMA
2021-09-01,KYRGYZSTAN,0,PANAMA
2021-09-01,LEBANON,0,PANAMA
2021-09-01,LIBERIA,0,PANAMA
2021-09-01,MALI,11,PANAMA
2021-09-01,MAURITANIA,1,PANAMA
2021-09-01,MEXICO,0,PANAMA
2021-09-01,NEPAL,30,PANAMA
2021-09-01,NICARAGUA,0,PANAMA
2021-09-01,NIGERIA,33,PANAMA
2021-09-01,OTHER,79,PANAMA
2021-09-01,PAKISTAN,3,PANAMA
2021-09-01,PALESTINE,0,PANAMA
2021-09-01,PANAMA,0,PANAMA
2021-09-01,PARAGUAY,0,PANAMA
2021-09-01,PERU,0,PANAMA
2021-09-01,SENEGAL,39,PANAMA
2021-09-01,SIERRA LEONE,1,PANAMA
2021-09-01,SOMALIA,11,PANAMA
2021-09-01,SRI LANKA,2,PANAMA
2021-09-01,SUDAN,0,PANAMA
2021-09-01,SYRIA,0,PANAMA
2021-09-01,TAJIKISTAN,0,PANAMA
2021-09-01,TOGO,8,PANAMA
2021-09-01,URUGUAY,17,PANAMA
2021-09-01,UZBEKISTAN,143,PANAMA
2021-09-01,VENEZUELA,437,PANAMA
2021-09-01,VIETNAM,0,PANAMA
2021-09-01,YEMEN,7,PANAMA
2021-08-01,AFGHANISTAN,0,PANAMA
2021-08-01,AFRICA,0,PANAMA
2021-08-01,ANGOLA,45,PANAMA
2021-08-01,ARGENTINA,17,PANAMA
2021-08-01,BANGLADESH,128,PANAMA
2021-08-01,BENIN,0,PANAMA
2021-08-01,BOLIVIA,0,PANAMA
2021-08-01,BRAZIL,1516,PANAMA
2021-08-01,BURKINA FASO,8,PANAMA
2021-08-01,BURUNDI,0,PANAMA
2021-08-01,CAMEROON,42,PANAMA
2021-08-01,CHAD,0,PANAMA
2021-08-01,CHILE,2490,PANAMA
2021-08-01,CHINA,0,PANAMA
2021-08-01,COLOMBIA,8,PANAMA
2021-08-01,CONGO - BRAZZAVILLE,27,PANAMA
2021-08-01,CÔTE D’IVOIRE,0,PANAMA
2021-08-01,CUBA,2857,PANAMA
2021-08-01,DOMINICAN REPUBLIC,23,PANAMA
2021-08-01,ECUADOR,22,PANAMA
2021-08-01,EGYPT,0,PANAMA
2021-08-01,EL SALVADOR,0,PANAMA
2021-08-01,ERITREA,1,PANAMA
2021-08-01,ETHIOPIA,0,PANAMA
2021-08-01,FRENCH GUIANA,0,PANAMA
2021-08-01,GAMBIA,0,PANAMA
2021-08-01,GHANA,34,PANAMA
2021-08-01,GUATEMALA,0,PANAMA
2021-08-01,GUINEA,31,PANAMA
2021-08-01,GUYANA,42,PANAMA
2021-08-01,HAITI,17279,PANAMA
2021-08-01,HONDURAS,0,PANAMA
2021-08-01,INDIA,1,PANAMA
2021-08-01,IRAN,0,PANAMA
2021-08-01,KYRGYZSTAN,0,PANAMA
2021-08-01,LEBANON,0,PANAMA
2021-08-01,LIBERIA,0,PANAMA
2021-08-01,MALI,3,PANAMA
2021-08-01,MAURITANIA,6,PANAMA
2021-08-01,MEXICO,0,PANAMA
2021-08-01,NEPAL,11,PANAMA
2021-08-01,NICARAGUA,0,PANAMA
2021-08-01,NIGERIA,19,PANAMA
2021-08-01,OTHER,44,PANAMA
2021-08-01,PAKISTAN,8,PANAMA
2021-08-01,PALESTINE,0,PANAMA
2021-08-01,PANAMA,0,PANAMA
2021-08-01,PARAGUAY,0,PANAMA
2021-08-01,PERU,0,PANAMA
2021-08-01,SENEGAL,8,PANAMA
2021-08-01,SIERRA LEONE,3,PANAMA
2021-08-01,SOMALIA,3,PANAMA
2021-08-01,SRI LANKA,5,PANAMA
2021-08-01,SUDAN,0,PANAMA
2021-08-01,SYRIA,0,PANAMA
2021-08-01,TAJIKISTAN,0,PANAMA
2021-08-01,TOGO,13,PANAMA
2021-08-01,URUGUAY,19,PANAMA
2021-08-01,UZBEKISTAN,50,PANAMA
2021-08-01,VENEZUELA,568,PANAMA
2021-08-01,VIETNAM,0,PANAMA
2021-08-01,YEMEN,1,PANAMA
2021-07-01,AFGHANISTAN,0,PANAMA
2021-07-01,AFRICA,0,PANAMA
2021-07-01,ANGOLA,74,PANAMA
2021-07-01,ARGENTINA,4,PANAMA
2021-07-01,BANGLADESH,210,PANAMA
2021-07-01,BENIN,0,PANAMA
2021-07-01,BOLIVIA,0,PANAMA
2021-07-01,BRAZIL,726,PANAMA
2021-07-01,BURKINA FASO,8,PANAMA
2021-07-01,BURUNDI,0,PANAMA
2021-07-01,CAMEROON,27,PANAMA
2021-07-01,CHAD,0,PANAMA
2021-07-01,CHILE,1621,PANAMA
2021-07-01,CHINA,0,PANAMA
2021-07-01,COLOMBIA,8,PANAMA
2021-07-01,CONGO - BRAZZAVILLE,37,PANAMA
2021-07-01,CÔTE D’IVOIRE,0,PANAMA
2021-07-01,CUBA,2354,PANAMA
2021-07-01,DOMINICAN REPUBLIC,6,PANAMA
2021-07-01,ECUADOR,19,PANAMA
2021-07-01,EGYPT,0,PANAMA
2021-07-01,EL SALVADOR,0,PANAMA
2021-07-01,ERITREA,12,PANAMA
2021-07-01,ETHIOPIA,0,PANAMA
2021-07-01,FRENCH GUIANA,0,PANAMA
2021-07-01,GAMBIA,0,PANAMA
2021-07-01,GHANA,31,PANAMA
2021-07-01,GUATEMALA,0,PANAMA
2021-07-01,GUINEA,17,PANAMA
2021-07-01,GUYANA,9,PANAMA
2021-07-01,HAITI,13141,PANAMA
2021-07-01,HONDURAS,0,PANAMA
2021-07-01,INDIA,34,PANAMA
2021-07-01,IRAN,0,PANAMA
2021-07-01,KYRGYZSTAN,0,PANAMA
2021-07-01,LEBANON,0,PANAMA
2021-07-01,LIBERIA,0,PANAMA
2021-07-01,MALI,5,PANAMA
2021-07-01,MAURITANIA,3,PANAMA
2021-07-01,MEXICO,0,PANAMA
2021-07-01,NEPAL,13,PANAMA
2021-07-01,NICARAGUA,0,PANAMA
2021-07-01,NIGERIA,16,PANAMA
2021-07-01,OTHER,40,PANAMA
2021-07-01,PAKISTAN,25,PANAMA
2021-07-01,PALESTINE,0,PANAMA
2021-07-01,PANAMA,0,PANAMA
2021-07-01,PARAGUAY,0,PANAMA
2021-07-01,PERU,0,PANAMA
2021-07-01,SENEGAL,21,PANAMA
2021-07-01,SIERRA LEONE,2,PANAMA
2021-07-01,SOMALIA,1,PANAMA
2021-07-01,SRI LANKA,5,PANAMA
2021-07-01,SUDAN,0,PANAMA
2021-07-01,SYRIA,0,PANAMA
2021-07-01,TAJIKISTAN,0,PANAMA
2021-07-01,TOGO,2,PANAMA
2021-07-01,URUGUAY,12,PANAMA
2021-07-01,UZBEKISTAN,81,PANAMA
2021-07-01,VENEZUELA,248,PANAMA
2021-07-01,VIETNAM,0,PANAMA
2021-07-01,YEMEN,1,PANAMA
2021-06-01,AFGHANISTAN,0,PANAMA
2021-06-01,AFRICA,0,PANAMA
2021-06-01,ANGOLA,49,PANAMA
2021-06-01,ARGENTINA,1,PANAMA
2021-06-01,BANGLADESH,131,PANAMA
2021-06-01,BENIN,0,PANAMA
2021-06-01,BOLIVIA,0,PANAMA
2021-06-01,BRAZIL,323,PANAMA
2021-06-01,BURKINA FASO,8,PANAMA
2021-06-01,BURUNDI,0,PANAMA
2021-06-01,CAMEROON,20,PANAMA
2021-06-01,CHAD,0,PANAMA
2021-06-01,CHILE,911,PANAMA
2021-06-01,CHINA,0,PANAMA
2021-06-01,COLOMBIA,4,PANAMA
2021-06-01,CONGO - BRAZZAVILLE,8,PANAMA
2021-06-01,CÔTE D’IVOIRE,0,PANAMA
2021-06-01,CUBA,2770,PANAMA
2021-06-01,DOMINICAN REPUBLIC,7,PANAMA
2021-06-01,ECUADOR,9,PANAMA
2021-06-01,EGYPT,0,PANAMA
2021-06-01,EL SALVADOR,0,PANAMA
2021-06-01,ERITREA,12,PANAMA
2021-06-01,ETHIOPIA,0,PANAMA
2021-06-01,FRENCH GUIANA,0,PANAMA
2021-06-01,GAMBIA,0,PANAMA
2021-06-01,GHANA,64,PANAMA
2021-06-01,GUATEMALA,0,PANAMA
2021-06-01,GUINEA,20,PANAMA
2021-06-01,GUYANA,1,PANAMA
2021-06-01,HAITI,5293,PANAMA
2021-06-01,HONDURAS,0,PANAMA
2021-06-01,INDIA,44,PANAMA
2021-06-01,IRAN,0,PANAMA
2021-06-01,KYRGYZSTAN,0,PANAMA
2021-06-01,LEBANON,0,PANAMA
2021-06-01,LIBERIA,0,PANAMA
2021-06-01,MALI,4,PANAMA
2021-06-01,MAURITANIA,13,PANAMA
2021-06-01,MEXICO,0,PANAMA
2021-06-01,NEPAL,52,PANAMA
2021-06-01,NICARAGUA,0,PANAMA
2021-06-01,NIGERIA,7,PANAMA
2021-06-01,OTHER,30,PANAMA
2021-06-01,PAKISTAN,0,PANAMA
2021-06-01,PALESTINE,0,PANAMA
2021-06-01,PANAMA,0,PANAMA
2021-06-01,PARAGUAY,0,PANAMA
2021-06-01,PERU,0,PANAMA
2021-06-01,SENEGAL,182,PANAMA
2021-06-01,SIERRA LEONE,2,PANAMA
2021-06-01,SOMALIA,2,PANAMA
2021-06-01,SRI LANKA,3,PANAMA
2021-06-01,SUDAN,0,PANAMA
2021-06-01,SYRIA,0,PANAMA
2021-06-01,TAJIKISTAN,0,PANAMA
2021-06-01,TOGO,5,PANAMA
2021-06-01,URUGUAY,11,PANAMA
2021-06-01,UZBEKISTAN,69,PANAMA
2021-06-01,VENEZUELA,205,PANAMA
2021-06-01,VIETNAM,0,PANAMA
2021-06-01,YEMEN,7,PANAMA
2021-05-01,AFGHANISTAN,0,PANAMA
2021-05-01,AFRICA,0,PANAMA
2021-05-01,ANGOLA,31,PANAMA
2021-05-01,ARGENTINA,3,PANAMA
2021-05-01,BANGLADESH,118,PANAMA
2021-05-01,BENIN,0,PANAMA
2021-05-01,BOLIVIA,0,PANAMA
2021-05-01,BRAZIL,213,PANAMA
2021-05-01,BURKINA FASO,4,PANAMA
2021-05-01,BURUNDI,0,PANAMA
2021-05-01,CAMEROON,20,PANAMA
2021-05-01,CHAD,0,PANAMA
2021-05-01,CHILE,116,PANAMA
2021-05-01,CHINA,0,PANAMA
2021-05-01,COLOMBIA,0,PANAMA
2021-05-01,CONGO - BRAZZAVILLE,18,PANAMA
2021-05-01,CÔTE D’IVOIRE,0,PANAMA
2021-05-01,CUBA,1514,PANAMA
2021-05-01,DOMINICAN REPUBLIC,1,PANAMA
2021-05-01,ECUADOR,5,PANAMA
2021-05-01,EGYPT,0,PANAMA
2021-05-01,EL SALVADOR,0,PANAMA
2021-05-01,ERITREA,6,PANAMA
2021-05-01,ETHIOPIA,0,PANAMA
2021-05-01,FRENCH GUIANA,0,PANAMA
2021-05-01,GAMBIA,0,PANAMA
2021-05-01,GHANA,50,PANAMA
2021-05-01,GUATEMALA,0,PANAMA
2021-05-01,GUINEA,9,PANAMA
2021-05-01,GUYANA,0,PANAMA
2021-05-01,HAITI,1851,PANAMA
2021-05-01,HONDURAS,0,PANAMA
2021-05-01,INDIA,44,PANAMA
2021-05-01,IRAN,0,PANAMA
2021-05-01,KYRGYZSTAN,0,PANAMA
2021-05-01,LEBANON,0,PANAMA
2021-05-01,LIBERIA,0,PANAMA
2021-05-01,MALI,1,PANAMA
2021-05-01,MAURITANIA,6,PANAMA
2021-05-01,MEXICO,0,PANAMA
2021-05-01,NEPAL,41,PANAMA
2021-05-01,NICARAGUA,0,PANAMA
2021-05-01,NIGERIA,2,PANAMA
2021-05-01,OTHER,33,PANAMA
2021-05-01,PAKISTAN,18,PANAMA
2021-05-01,PALESTINE,0,PANAMA
2021-05-01,PANAMA,0,PANAMA
2021-05-01,PARAGUAY,0,PANAMA
2021-05-01,PERU,0,PANAMA
2021-05-01,SENEGAL,199,PANAMA
2021-05-01,SIERRA LEONE,2,PANAMA
2021-05-01,SOMALIA,1,PANAMA
2021-05-01,SRI LANKA,0,PANAMA
2021-05-01,SUDAN,0,PANAMA
2021-05-01,SYRIA,0,PANAMA
2021-05-01,TAJIKISTAN,0,PANAMA
2021-05-01,TOGO,8,PANAMA
2021-05-01,URUGUAY,6,PANAMA
2021-05-01,UZBEKISTAN,28,PANAMA
2021-05-01,VENEZUELA,113,PANAMA
2021-05-01,VIETNAM,0,PANAMA
2021-05-01,YEMEN,1,PANAMA
2021-04-01,AFGHANISTAN,0,PANAMA
2021-04-01,AFRICA,0,PANAMA
2021-04-01,ANGOLA,5,PANAMA
2021-04-01,ARGENTINA,3,PANAMA
2021-04-01,BANGLADESH,127,PANAMA
2021-04-01,BENIN,0,PANAMA
2021-04-01,BOLIVIA,0,PANAMA
2021-04-01,BRAZIL,219,PANAMA
2021-04-01,BURKINA FASO,13,PANAMA
2021-04-01,BURUNDI,0,PANAMA
2021-04-01,CAMEROON,26,PANAMA
2021-04-01,CHAD,0,PANAMA
2021-04-01,CHILE,293,PANAMA
2021-04-01,CHINA,0,PANAMA
2021-04-01,COLOMBIA,0,PANAMA
2021-04-01,CONGO - BRAZZAVILLE,38,PANAMA
2021-04-01,CÔTE D’IVOIRE,0,PANAMA
2021-04-01,CUBA,1306,PANAMA
2021-04-01,DOMINICAN REPUBLIC,2,PANAMA
2021-04-01,ECUADOR,12,PANAMA
2021-04-01,EGYPT,0,PANAMA
2021-04-01,EL SALVADOR,0,PANAMA
2021-04-01,ERITREA,7,PANAMA
2021-04-01,ETHIOPIA,0,PANAMA
2021-04-01,FRENCH GUIANA,0,PANAMA
2021-04-01,GAMBIA,0,PANAMA
2021-04-01,GHANA,68,PANAMA
2021-04-01,GUATEMALA,0,PANAMA
2021-04-01,GUINEA,38,PANAMA
2021-04-01,GUYANA,1,PANAMA
2021-04-01,HAITI,3306,PANAMA
2021-04-01,HONDURAS,0,PANAMA
2021-04-01,INDIA,102,PANAMA
2021-04-01,IRAN,0,PANAMA
2021-04-01,KYRGYZSTAN,0,PANAMA
2021-04-01,LEBANON,0,PANAMA
2021-04-01,LIBERIA,0,PANAMA
2021-04-01,MALI,7,PANAMA
2021-04-01,MAURITANIA,17,PANAMA
2021-04-01,MEXICO,0,PANAMA
2021-04-01,NEPAL,103,PANAMA
2021-04-01,NICARAGUA,0,PANAMA
2021-04-01,NIGERIA,5,PANAMA
2021-04-01,OTHER,25,PANAMA
2021-04-01,PAKISTAN,9,PANAMA
2021-04-01,PALESTINE,0,PANAMA
2021-04-01,PANAMA,0,PANAMA
2021-04-01,PARAGUAY,0,PANAMA
2021-04-01,PERU,0,PANAMA
2021-04-01,SENEGAL,40,PANAMA
2021-04-01,SIERRA LEONE,40,PANAMA
2021-04-01,SOMALIA,6,PANAMA
2021-04-01,SRI LANKA,0,PANAMA
2021-04-01,SUDAN,0,PANAMA
2021-04-01,SYRIA,0,PANAMA
2021-04-01,TAJIKISTAN,0,PANAMA
2021-04-01,TOGO,15,PANAMA
2021-04-01,URUGUAY,3,PANAMA
2021-04-01,UZBEKISTAN,20,PANAMA
2021-04-01,VENEZUELA,3,PANAMA
2021-04-01,VIETNAM,0,PANAMA
2021-04-01,YEMEN,6,PANAMA
2021-03-01,AFGHANISTAN,0,PANAMA
2021-03-01,AFRICA,0,PANAMA
2021-03-01,ANGOLA,7,PANAMA
2021-03-01,ARGENTINA,1,PANAMA
2021-03-01,BANGLADESH,15,PANAMA
2021-03-01,BENIN,0,PANAMA
2021-03-01,BOLIVIA,0,PANAMA
2021-03-01,BRAZIL,47,PANAMA
2021-03-01,BURKINA FASO,21,PANAMA
2021-03-01,BURUNDI,0,PANAMA
2021-03-01,CAMEROON,17,PANAMA
2021-03-01,CHAD,0,PANAMA
2021-03-01,CHILE,253,PANAMA
2021-03-01,CHINA,0,PANAMA
2021-03-01,COLOMBIA,1,PANAMA
2021-03-01,CONGO - BRAZZAVILLE,12,PANAMA
2021-03-01,CÔTE D’IVOIRE,0,PANAMA
2021-03-01,CUBA,198,PANAMA
2021-03-01,DOMINICAN REPUBLIC,0,PANAMA
2021-03-01,ECUADOR,14,PANAMA
2021-03-01,EGYPT,0,PANAMA
2021-03-01,EL SALVADOR,0,PANAMA
2021-03-01,ERITREA,9,PANAMA
2021-03-01,ETHIOPIA,0,PANAMA
2021-03-01,FRENCH GUIANA,0,PANAMA
2021-03-01,GAMBIA,0,PANAMA
2021-03-01,GHANA,30,PANAMA
2021-03-01,GUATEMALA,0,PANAMA
2021-03-01,GUINEA,14,PANAMA
2021-03-01,GUYANA,2,PANAMA
2021-03-01,HAITI,1893,PANAMA
2021-03-01,HONDURAS,0,PANAMA
2021-03-01,INDIA,30,PANAMA
2021-03-01,IRAN,0,PANAMA
2021-03-01,KYRGYZSTAN,0,PANAMA
2021-03-01,LEBANON,0,PANAMA
2021-03-01,LIBERIA,0,PANAMA
2021-03-01,MALI,5,PANAMA
2021-03-01,MAURITANIA,4,PANAMA
2021-03-01,MEXICO,0,PANAMA
2021-03-01,NEPAL,29,PANAMA
2021-03-01,NICARAGUA,0,PANAMA
2021-03-01,NIGERIA,4,PANAMA
2021-03-01,OTHER,19,PANAMA
2021-03-01,PAKISTAN,2,PANAMA
2021-03-01,PALESTINE,0,PANAMA
2021-03-01,PANAMA,0,PANAMA
2021-03-01,PARAGUAY,0,PANAMA
2021-03-01,PERU,0,PANAMA
2021-03-01,SENEGAL,16,PANAMA
2021-03-01,SIERRA LEONE,24,PANAMA
2021-03-01,SOMALIA,5,PANAMA
2021-03-01,SRI LANKA,4,PANAMA
2021-03-01,SUDAN,0,PANAMA
2021-03-01,SYRIA,0,PANAMA
2021-03-01,TAJIKISTAN,0,PANAMA
2021-03-01,TOGO,18,PANAMA
2021-03-01,URUGUAY,0,PANAMA
2021-03-01,UZBEKISTAN,0,PANAMA
2021-03-01,VENEZUELA,0,PANAMA
2021-03-01,VIETNAM,0,PANAMA
2021-03-01,YEMEN,0,PANAMA
2021-02-01,AFGHANISTAN,0,PANAMA
2021-02-01,AFRICA,0,PANAMA
2021-02-01,ANGOLA,13,PANAMA
2021-02-01,ARGENTINA,0,PANAMA
2021-02-01,BANGLADESH,90,PANAMA
2021-02-01,BENIN,0,PANAMA
2021-02-01,BOLIVIA,0,PANAMA
2021-02-01,BRAZIL,179,PANAMA
2021-02-01,BURKINA FASO,37,PANAMA
2021-02-01,BURUNDI,0,PANAMA
2021-02-01,CAMEROON,6,PANAMA
2021-02-01,CHAD,0,PANAMA
2021-02-01,CHILE,71,PANAMA
2021-02-01,CHINA,0,PANAMA
2021-02-01,COLOMBIA,7,PANAMA
2021-02-01,CONGO - BRAZZAVILLE,10,PANAMA
2021-02-01,CÔTE D’IVOIRE,0,PANAMA
2021-02-01,CUBA,205,PANAMA
2021-02-01,DOMINICAN REPUBLIC,0,PANAMA
2021-02-01,ECUADOR,2,PANAMA
2021-02-01,EGYPT,0,PANAMA
2021-02-01,EL SALVADOR,0,PANAMA
2021-02-01,ERITREA,9,PANAMA
2021-02-01,ETHIOPIA,0,PANAMA
2021-02-01,FRENCH GUIANA,0,PANAMA
2021-02-01,GAMBIA,0,PANAMA
2021-02-01,GHANA,17,PANAMA
2021-02-01,GUATEMALA,0,PANAMA
2021-02-01,GUINEA,23,PANAMA
2021-02-01,GUYANA,0,PANAMA
2021-02-01,HAITI,981,PANAMA
2021-02-01,HONDURAS,0,PANAMA
2021-02-01,INDIA,0,PANAMA
2021-02-01,IRAN,0,PANAMA
2021-02-01,KYRGYZSTAN,0,PANAMA
2021-02-01,LEBANON,0,PANAMA
2021-02-01,LIBERIA,0,PANAMA
2021-02-01,MALI,9,PANAMA
2021-02-01,MAURITANIA,20,PANAMA
2021-02-01,MEXICO,0,PANAMA
2021-02-01,NEPAL,24,PANAMA
2021-02-01,NICARAGUA,0,PANAMA
2021-02-01,NIGERIA,13,PANAMA
2021-02-01,OTHER,19,PANAMA
2021-02-01,PAKISTAN,9,PANAMA
2021-02-01,PALESTINE,0,PANAMA
2021-02-01,PANAMA,0,PANAMA
2021-02-01,PARAGUAY,0,PANAMA
2021-02-01,PERU,0,PANAMA
2021-02-01,SENEGAL,30,PANAMA
2021-02-01,SIERRA LEONE,34,PANAMA
2021-02-01,SOMALIA,11,PANAMA
2021-02-01,SRI LANKA,5,PANAMA
2021-02-01,SUDAN,0,PANAMA
2021-02-01,SYRIA,0,PANAMA
2021-02-01,TAJIKISTAN,0,PANAMA
2021-02-01,TOGO,10,PANAMA
2021-02-01,URUGUAY,0,PANAMA
2021-02-01,UZBEKISTAN,14,PANAMA
2021-02-01,VENEZUELA,9,PANAMA
2021-02-01,VIETNAM,0,PANAMA
2021-02-01,YEMEN,0,PANAMA
2021-01-01,AFGHANISTAN,0,PANAMA
2021-01-01,AFRICA,0,PANAMA
2021-01-01,ANGOLA,6,PANAMA
2021-01-01,ARGENTINA,1,PANAMA
2021-01-01,BANGLADESH,38,PANAMA
2021-01-01,BENIN,0,PANAMA
2021-01-01,BOLIVIA,0,PANAMA
2021-01-01,BRAZIL,40,PANAMA
2021-01-01,BURKINA FASO,11,PANAMA
2021-01-01,BURUNDI,0,PANAMA
2021-01-01,CAMEROON,1,PANAMA
2021-01-01,CHAD,0,PANAMA
2021-01-01,CHILE,57,PANAMA
2021-01-01,CHINA,0,PANAMA
2021-01-01,COLOMBIA,8,PANAMA
2021-01-01,CONGO - BRAZZAVILLE,15,PANAMA
2021-01-01,CÔTE D’IVOIRE,0,PANAMA
2021-01-01,CUBA,176,PANAMA
2021-01-01,DOMINICAN REPUBLIC,0,PANAMA
2021-01-01,ECUADOR,3,PANAMA
2021-01-01,EGYPT,0,PANAMA
2021-01-01,EL SALVADOR,0,PANAMA
2021-01-01,ERITREA,3,PANAMA
2021-01-01,ETHIOPIA,0,PANAMA
2021-01-01,FRENCH GUIANA,0,PANAMA
2021-01-01,GAMBIA,0,PANAMA
2021-01-01,GHANA,10,PANAMA
2021-01-01,GUATEMALA,0,PANAMA
2021-01-01,GUINEA,2,PANAMA
2021-01-01,GUYANA,0,PANAMA
2021-01-01,HAITI,623,PANAMA
2021-01-01,HONDURAS,0,PANAMA
2021-01-01,INDIA,3,PANAMA
2021-01-01,IRAN,0,PANAMA
2021-01-01,KYRGYZSTAN,0,PANAMA
2021-01-01,LEBANON,0,PANAMA
2021-01-01,LIBERIA,0,PANAMA
2021-01-01,MALI,9,PANAMA
2021-01-01,MAURITANIA,7,PANAMA
2021-01-01,MEXICO,0,PANAMA
2021-01-01,NEPAL,5,PANAMA
2021-01-01,NICARAGUA,0,PANAMA
2021-01-01,NIGERIA,0,PANAMA
2021-01-01,OTHER,22,PANAMA
2021-01-01,PAKISTAN,3,PANAMA
2021-01-01,PALESTINE,0,PANAMA
2021-01-01,PANAMA,0,PANAMA
2021-01-01,PARAGUAY,0,PANAMA
2021-01-01,PERU,0,PANAMA
2021-01-01,SENEGAL,11,PANAMA
2021-01-01,SIERRA LEONE,0,PANAMA
2021-01-01,SOMALIA,2,PANAMA
2021-01-01,SRI LANKA,0,PANAMA
2021-01-01,SUDAN,0,PANAMA
2021-01-01,SYRIA,0,PANAMA
2021-01-01,TAJIKISTAN,0,PANAMA
2021-01-01,TOGO,0,PANAMA
2021-01-01,URUGUAY,0,PANAMA
2021-01-01,UZBEKISTAN,10,PANAMA
2021-01-01,VENEZUELA,3,PANAMA
2021-01-01,VIETNAM,0,PANAMA
2021-01-01,YEMEN,2,PANAMA
2020-12-01,AFGHANISTAN,0,PANAMA
2020-12-01,AFRICA,0,PANAMA
2020-12-01,ANGOLA,4,PANAMA
2020-12-01,ARGENTINA,1,PANAMA
2020-12-01,BANGLADESH,37,PANAMA
2020-12-01,BENIN,1,PANAMA
2020-12-01,BOLIVIA,1,PANAMA
2020-12-01,BRAZIL,28,PANAMA
2020-12-01,BURKINA FASO,7,PANAMA
2020-12-01,BURUNDI,1,PANAMA
2020-12-01,CAMEROON,4,PANAMA
2020-12-01,CHAD,0,PANAMA
2020-12-01,CHILE,33,PANAMA
2020-12-01,CHINA,0,PANAMA
2020-12-01,COLOMBIA,11,PANAMA
2020-12-01,CONGO - BRAZZAVILLE,18,PANAMA
2020-12-01,CÔTE D’IVOIRE,9,PANAMA
2020-12-01,CUBA,123,PANAMA
2020-12-01,DOMINICAN REPUBLIC,4,PANAMA
2020-12-01,ECUADOR,9,PANAMA
2020-12-01,EGYPT,1,PANAMA
2020-12-01,EL SALVADOR,1,PANAMA
2020-12-01,ERITREA,1,PANAMA
2020-12-01,ETHIOPIA,1,PANAMA
2020-12-01,FRENCH GUIANA,0,PANAMA
2020-12-01,GAMBIA,0,PANAMA
2020-12-01,GHANA,4,PANAMA
2020-12-01,GUATEMALA,0,PANAMA
2020-12-01,GUINEA,0,PANAMA
2020-12-01,GUYANA,0,PANAMA
2020-12-01,HAITI,584,PANAMA
2020-12-01,HONDURAS,0,PANAMA
2020-12-01,INDIA,11,PANAMA
2020-12-01,IRAN,0,PANAMA
2020-12-01,KYRGYZSTAN,0,PANAMA
2020-12-01,LEBANON,0,PANAMA
2020-12-01,LIBERIA,0,PANAMA
2020-12-01,MALI,3,PANAMA
2020-12-01,MAURITANIA,8,PANAMA
2020-12-01,MEXICO,1,PANAMA
2020-12-01,NEPAL,5,PANAMA
2020-12-01,NICARAGUA,0,PANAMA
2020-12-01,NIGERIA,0,PANAMA
2020-12-01,OTHER,0,PANAMA
2020-12-01,PAKISTAN,3,PANAMA
2020-12-01,PALESTINE,1,PANAMA
2020-12-01,PANAMA,15,PANAMA
2020-12-01,PARAGUAY,0,PANAMA
2020-12-01,PERU,2,PANAMA
2020-12-01,SENEGAL,4,PANAMA
2020-12-01,SIERRA LEONE,0,PANAMA
2020-12-01,SOMALIA,0,PANAMA
2020-12-01,SRI LANKA,8,PANAMA
2020-12-01,SUDAN,1,PANAMA
2020-12-01,SYRIA,2,PANAMA
2020-12-01,TAJIKISTAN,0,PANAMA
2020-12-01,TOGO,2,PANAMA
2020-12-01,URUGUAY,0,PANAMA
2020-12-01,UZBEKISTAN,0,PANAMA
2020-12-01,VENEZUELA,22,PANAMA
2020-12-01,VIETNAM,0,PANAMA
2020-12-01,YEMEN,0,PANAMA
2020-11-01,AFGHANISTAN,0,PANAMA
2020-11-01,AFRICA,0,PANAMA
2020-11-01,ANGOLA,0,PANAMA
2020-11-01,ARGENTINA,0,PANAMA
2020-11-01,BANGLADESH,2,PANAMA
2020-11-01,BENIN,0,PANAMA
2020-11-01,BOLIVIA,0,PANAMA
2020-11-01,BRAZIL,15,PANAMA
2020-11-01,BURKINA FASO,1,PANAMA
2020-11-01,BURUNDI,0,PANAMA
2020-11-01,CAMEROON,2,PANAMA
2020-11-01,CHAD,0,PANAMA
2020-11-01,CHILE,46,PANAMA
2020-11-01,CHINA,0,PANAMA
2020-11-01,COLOMBIA,1,PANAMA
2020-11-01,CONGO - BRAZZAVILLE,26,PANAMA
2020-11-01,CÔTE D’IVOIRE,0,PANAMA
2020-11-01,CUBA,1,PANAMA
2020-11-01,DOMINICAN REPUBLIC,2,PANAMA
2020-11-01,ECUADOR,7,PANAMA
2020-11-01,EGYPT,0,PANAMA
2020-11-01,EL SALVADOR,0,PANAMA
2020-11-01,ERITREA,0,PANAMA
2020-11-01,ETHIOPIA,0,PANAMA
2020-11-01,FRENCH GUIANA,0,PANAMA
2020-11-01,GAMBIA,0,PANAMA
2020-11-01,GHANA,1,PANAMA
2020-11-01,GUATEMALA,0,PANAMA
2020-11-01,GUINEA,0,PANAMA
2020-11-01,GUYANA,0,PANAMA
2020-11-01,HAITI,252,PANAMA
2020-11-01,HONDURAS,0,PANAMA
2020-11-01,INDIA,0,PANAMA
2020-11-01,IRAN,0,PANAMA
2020-11-01,KYRGYZSTAN,0,PANAMA
2020-11-01,LEBANON,0,PANAMA
2020-11-01,LIBERIA,0,PANAMA
2020-11-01,MALI,1,PANAMA
2020-11-01,MAURITANIA,1,PANAMA
2020-11-01,MEXICO,0,PANAMA
2020-11-01,NEPAL,0,PANAMA
2020-11-01,NICARAGUA,0,PANAMA
2020-11-01,NIGERIA,0,PANAMA
2020-11-01,OTHER,0,PANAMA
2020-11-01,PAKISTAN,0,PANAMA
2020-11-01,PALESTINE,0,PANAMA
2020-11-01,PANAMA,2,PANAMA
2020-11-01,PARAGUAY,0,PANAMA
2020-11-01,PERU,1,PANAMA
2020-11-01,SENEGAL,0,PANAMA
2020-11-01,SIERRA LEONE,0,PANAMA
2020-11-01,SOMALIA,0,PANAMA
2020-11-01,SRI LANKA,0,PANAMA
2020-11-01,SUDAN,0,PANAMA
2020-11-01,SYRIA,0,PANAMA
2020-11-01,TAJIKISTAN,0,PANAMA
2020-11-01,TOGO,1,PANAMA
2020-11-01,URUGUAY,0,PANAMA
2020-11-01,UZBEKISTAN,0,PANAMA
2020-11-01,VENEZUELA,3,PANAMA
2020-11-01,VIETNAM,0,PANAMA
2020-11-01,YEMEN,0,PANAMA
2020-10-01,AFGHANISTAN,0,PANAMA
2020-10-01,AFRICA,0,PANAMA
2020-10-01,ANGOLA,0,PANAMA
2020-10-01,ARGENTINA,1,PANAMA
2020-10-01,BANGLADESH,0,PANAMA
2020-10-01,BENIN,0,PANAMA
2020-10-01,BOLIVIA,0,PANAMA
2020-10-01,BRAZIL,17,PANAMA
2020-10-01,BURKINA FASO,0,PANAMA
2020-10-01,BURUNDI,0,PANAMA
2020-10-01,CAMEROON,1,PANAMA
2020-10-01,CHAD,0,PANAMA
2020-10-01,CHILE,19,PANAMA
2020-10-01,CHINA,0,PANAMA
2020-10-01,COLOMBIA,2,PANAMA
2020-10-01,CONGO - BRAZZAVILLE,8,PANAMA
2020-10-01,CÔTE D’IVOIRE,0,PANAMA
2020-10-01,CUBA,0,PANAMA
2020-10-01,DOMINICAN REPUBLIC,1,PANAMA
2020-10-01,ECUADOR,2,PANAMA
2020-10-01,EGYPT,0,PANAMA
2020-10-01,EL SALVADOR,0,PANAMA
2020-10-01,ERITREA,0,PANAMA
2020-10-01,ETHIOPIA,0,PANAMA
2020-10-01,FRENCH GUIANA,0,PANAMA
2020-10-01,GAMBIA,0,PANAMA
2020-10-01,GHANA,0,PANAMA
2020-10-01,GUATEMALA,0,PANAMA
2020-10-01,GUINEA,2,PANAMA
2020-10-01,GUYANA,0,PANAMA
2020-10-01,HAITI,279,PANAMA
2020-10-01,HONDURAS,0,PANAMA
2020-10-01,INDIA,0,PANAMA
2020-10-01,IRAN,0,PANAMA
2020-10-01,KYRGYZSTAN,0,PANAMA
2020-10-01,LEBANON,0,PANAMA
2020-10-01,LIBERIA,0,PANAMA
2020-10-01,MALI,0,PANAMA
2020-10-01,MAURITANIA,0,PANAMA
2020-10-01,MEXICO,0,PANAMA
2020-10-01,NEPAL,0,PANAMA
2020-10-01,NICARAGUA,0,PANAMA
2020-10-01,NIGERIA,0,PANAMA
2020-10-01,OTHER,0,PANAMA
2020-10-01,PAKISTAN,0,PANAMA
2020-10-01,PALESTINE,0,PANAMA
2020-10-01,PANAMA,31,PANAMA
2020-10-01,PARAGUAY,0,PANAMA
2020-10-01,PERU,1,PANAMA
2020-10-01,SENEGAL,0,PANAMA
2020-10-01,SIERRA LEONE,0,PANAMA
2020-10-01,SOMALIA,0,PANAMA
2020-10-01,SRI LANKA,0,PANAMA
2020-10-01,SUDAN,0,PANAMA
2020-10-01,SYRIA,0,PANAMA
2020-10-01,TAJIKISTAN,0,PANAMA
2020-10-01,TOGO,1,PANAMA
2020-10-01,URUGUAY,0,PANAMA
2020-10-01,UZBEKISTAN,0,PANAMA
2020-10-01,VENEZUELA,5,PANAMA
2020-10-01,VIETNAM,0,PANAMA
2020-10-01,YEMEN,1,PANAMA
2020-09-01,AFGHANISTAN,0,PANAMA
2020-09-01,AFRICA,0,PANAMA
2020-09-01,ANGOLA,0,PANAMA
2020-09-01,ARGENTINA,0,PANAMA
2020-09-01,BANGLADESH,0,PANAMA
2020-09-01,BENIN,0,PANAMA
2020-09-01,BOLIVIA,0,PANAMA
2020-09-01,BRAZIL,2,PANAMA
2020-09-01,BURKINA FASO,0,PANAMA
2020-09-01,BURUNDI,0,PANAMA
2020-09-01,CAMEROON,0,PANAMA
2020-09-01,CHAD,0,PANAMA
2020-09-01,CHILE,9,PANAMA
2020-09-01,CHINA,0,PANAMA
2020-09-01,COLOMBIA,2,PANAMA
2020-09-01,CONGO - BRAZZAVILLE,9,PANAMA
2020-09-01,CÔTE D’IVOIRE,0,PANAMA
2020-09-01,CUBA,0,PANAMA
2020-09-01,DOMINICAN REPUBLIC,3,PANAMA
2020-09-01,ECUADOR,0,PANAMA
2020-09-01,EGYPT,0,PANAMA
2020-09-01,EL SALVADOR,0,PANAMA
2020-09-01,ERITREA,0,PANAMA
2020-09-01,ETHIOPIA,0,PANAMA
2020-09-01,FRENCH GUIANA,0,PANAMA
2020-09-01,GAMBIA,0,PANAMA
2020-09-01,GHANA,0,PANAMA
2020-09-01,GUATEMALA,0,PANAMA
2020-09-01,GUINEA,0,PANAMA
2020-09-01,GUYANA,0,PANAMA
2020-09-01,HAITI,73,PANAMA
2020-09-01,HONDURAS,0,PANAMA
2020-09-01,INDIA,0,PANAMA
2020-09-01,IRAN,0,PANAMA
2020-09-01,KYRGYZSTAN,0,PANAMA
2020-09-01,LEBANON,0,PANAMA
2020-09-01,LIBERIA,0,PANAMA
2020-09-01,MALI,0,PANAMA
2020-09-01,MAURITANIA,0,PANAMA
2020-09-01,MEXICO,0,PANAMA
2020-09-01,NEPAL,0,PANAMA
2020-09-01,NICARAGUA,0,PANAMA
2020-09-01,NIGERIA,0,PANAMA
2020-09-01,OTHER,0,PANAMA
2020-09-01,PAKISTAN,0,PANAMA
2020-09-01,PALESTINE,0,PANAMA
2020-09-01,PANAMA,5,PANAMA
2020-09-01,PARAGUAY,0,PANAMA
2020-09-01,PERU,0,PANAMA
2020-09-01,SENEGAL,0,PANAMA
2020-09-01,SIERRA LEONE,0,PANAMA
2020-09-01,SOMALIA,0,PANAMA
2020-09-01,SRI LANKA,0,PANAMA
2020-09-01,SUDAN,0,PANAMA
2020-09-01,SYRIA,0,PANAMA
2020-09-01,TAJIKISTAN,0,PANAMA
2020-09-01,TOGO,0,PANAMA
2020-09-01,URUGUAY,0,PANAMA
2020-09-01,UZBEKISTAN,0,PANAMA
2020-09-01,VENEZUELA,5,PANAMA
2020-09-01,VIETNAM,0,PANAMA
2020-09-01,YEMEN,0,PANAMA
2020-08-01,AFGHANISTAN,0,PANAMA
2020-08-01,AFRICA,0,PANAMA
2020-08-01,ANGOLA,0,PANAMA
2020-08-01,ARGENTINA,0,PANAMA
2020-08-01,BANGLADESH,0,PANAMA
2020-08-01,BENIN,0,PANAMA
2020-08-01,BOLIVIA,0,PANAMA
2020-08-01,BRAZIL,0,PANAMA
2020-08-01,BURKINA FASO,0,PANAMA
2020-08-01,BURUNDI,0,PANAMA
2020-08-01,CAMEROON,0,PANAMA
2020-08-01,CHAD,0,PANAMA
2020-08-01,CHILE,0,PANAMA
2020-08-01,CHINA,3,PANAMA
2020-08-01,COLOMBIA,1,PANAMA
2020-08-01,CONGO - BRAZZAVILLE,0,PANAMA
2020-08-01,CÔTE D’IVOIRE,0,PANAMA
2020-08-01,CUBA,0,PANAMA
2020-08-01,DOMINICAN REPUBLIC,0,PANAMA
2020-08-01,ECUADOR,0,PANAMA
2020-08-01,EGYPT,0,PANAMA
2020-08-01,EL SALVADOR,0,PANAMA
2020-08-01,ERITREA,0,PANAMA
2020-08-01,ETHIOPIA,0,PANAMA
2020-08-01,FRENCH GUIANA,0,PANAMA
2020-08-01,GAMBIA,0,PANAMA
2020-08-01,GHANA,0,PANAMA
2020-08-01,GUATEMALA,1,PANAMA
2020-08-01,GUINEA,0,PANAMA
2020-08-01,GUYANA,0,PANAMA
2020-08-01,HAITI,0,PANAMA
2020-08-01,HONDURAS,1,PANAMA
2020-08-01,INDIA,0,PANAMA
2020-08-01,IRAN,0,PANAMA
2020-08-01,KYRGYZSTAN,0,PANAMA
2020-08-01,LEBANON,0,PANAMA
2020-08-01,LIBERIA,0,PANAMA
2020-08-01,MALI,0,PANAMA
2020-08-01,MAURITANIA,0,PANAMA
2020-08-01,MEXICO,0,PANAMA
2020-08-01,NEPAL,0,PANAMA
2020-08-01,NICARAGUA,0,PANAMA
2020-08-01,NIGERIA,0,PANAMA
2020-08-01,OTHER,0,PANAMA
2020-08-01,PAKISTAN,0,PANAMA
2020-08-01,PALESTINE,0,PANAMA
2020-08-01,PANAMA,0,PANAMA
2020-08-01,PARAGUAY,0,PANAMA
2020-08-01,PERU,0,PANAMA
2020-08-01,SENEGAL,0,PANAMA
2020-08-01,SIERRA LEONE,0,PANAMA
2020-08-01,SOMALIA,0,PANAMA
2020-08-01,SRI LANKA,0,PANAMA
2020-08-01,SUDAN,0,PANAMA
2020-08-01,SYRIA,0,PANAMA
2020-08-01,TAJIKISTAN,0,PANAMA
2020-08-01,TOGO,0,PANAMA
2020-08-01,URUGUAY,0,PANAMA
2020-08-01,UZBEKISTAN,0,PANAMA
2020-08-01,VENEZUELA,0,PANAMA
2020-08-01,VIETNAM,0,PANAMA
2020-08-01,YEMEN,0,PANAMA
2020-07-01,AFGHANISTAN,0,PANAMA
2020-07-01,AFRICA,0,PANAMA
2020-07-01,ANGOLA,0,PANAMA
2020-07-01,ARGENTINA,0,PANAMA
2020-07-01,BANGLADESH,0,PANAMA
2020-07-01,BENIN,0,PANAMA
2020-07-01,BOLIVIA,0,PANAMA
2020-07-01,BRAZIL,0,PANAMA
2020-07-01,BURKINA FASO,0,PANAMA
2020-07-01,BURUNDI,0,PANAMA
2020-07-01,CAMEROON,0,PANAMA
2020-07-01,CHAD,0,PANAMA
2020-07-01,CHILE,0,PANAMA
2020-07-01,CHINA,0,PANAMA
2020-07-01,COLOMBIA,0,PANAMA
2020-07-01,CONGO - BRAZZAVILLE,0,PANAMA
2020-07-01,CÔTE D’IVOIRE,0,PANAMA
2020-07-01,CUBA,0,PANAMA
2020-07-01,DOMINICAN REPUBLIC,0,PANAMA
2020-07-01,ECUADOR,0,PANAMA
2020-07-01,EGYPT,0,PANAMA
2020-07-01,EL SALVADOR,0,PANAMA
2020-07-01,ERITREA,0,PANAMA
2020-07-01,ETHIOPIA,0,PANAMA
2020-07-01,FRENCH GUIANA,0,PANAMA
2020-07-01,GAMBIA,0,PANAMA
2020-07-01,GHANA,0,PANAMA
2020-07-01,GUATEMALA,0,PANAMA
2020-07-01,GUINEA,0,PANAMA
2020-07-01,GUYANA,0,PANAMA
2020-07-01,HAITI,0,PANAMA
2020-07-01,HONDURAS,0,PANAMA
2020-07-01,INDIA,0,PANAMA
2020-07-01,IRAN,0,PANAMA
2020-07-01,KYRGYZSTAN,0,PANAMA
2020-07-01,LEBANON,0,PANAMA
2020-07-01,LIBERIA,0,PANAMA
2020-07-01,MALI,0,PANAMA
2020-07-01,MAURITANIA,0,PANAMA
2020-07-01,MEXICO,0,PANAMA
2020-07-01,NEPAL,0,PANAMA
2020-07-01,NICARAGUA,0,PANAMA
2020-07-01,NIGERIA,0,PANAMA
2020-07-01,OTHER,0,PANAMA
2020-07-01,PAKISTAN,0,PANAMA
2020-07-01,PALESTINE,0,PANAMA
2020-07-01,PANAMA,0,PANAMA
2020-07-01,PARAGUAY,0,PANAMA
2020-07-01,PERU,0,PANAMA
2020-07-01,SENEGAL,0,PANAMA
2020-07-01,SIERRA LEONE,0,PANAMA
2020-07-01,SOMALIA,0,PANAMA
2020-07-01,SRI LANKA,0,PANAMA
2020-07-01,SUDAN,0,PANAMA
2020-07-01,SYRIA,0,PANAMA
2020-07-01,TAJIKISTAN,0,PANAMA
2020-07-01,TOGO,0,PANAMA
2020-07-01,URUGUAY,0,PANAMA
2020-07-01,UZBEKISTAN,0,PANAMA
2020-07-01,VENEZUELA,0,PANAMA
2020-07-01,VIETNAM,0,PANAMA
2020-07-01,YEMEN,0,PANAMA
2020-06-01,AFGHANISTAN,0,PANAMA
2020-06-01,AFRICA,0,PANAMA
2020-06-01,ANGOLA,5,PANAMA
2020-06-01,ARGENTINA,0,PANAMA
2020-06-01,BANGLADESH,10,PANAMA
2020-06-01,BENIN,0,PANAMA
2020-06-01,BOLIVIA,0,PANAMA
2020-06-01,BRAZIL,11,PANAMA
2020-06-01,BURKINA FASO,0,PANAMA
2020-06-01,BURUNDI,0,PANAMA
2020-06-01,CAMEROON,0,PANAMA
2020-06-01,CHAD,0,PANAMA
2020-06-01,CHILE,13,PANAMA
2020-06-01,CHINA,0,PANAMA
2020-06-01,COLOMBIA,0,PANAMA
2020-06-01,CONGO - BRAZZAVILLE,5,PANAMA
2020-06-01,CÔTE D’IVOIRE,0,PANAMA
2020-06-01,CUBA,12,PANAMA
2020-06-01,DOMINICAN REPUBLIC,0,PANAMA
2020-06-01,ECUADOR,1,PANAMA
2020-06-01,EGYPT,0,PANAMA
2020-06-01,EL SALVADOR,0,PANAMA
2020-06-01,ERITREA,0,PANAMA
2020-06-01,ETHIOPIA,0,PANAMA
2020-06-01,FRENCH GUIANA,0,PANAMA
2020-06-01,GAMBIA,0,PANAMA
2020-06-01,GHANA,0,PANAMA
2020-06-01,GUATEMALA,0,PANAMA
2020-06-01,GUINEA,0,PANAMA
2020-06-01,GUYANA,0,PANAMA
2020-06-01,HAITI,111,PANAMA
2020-06-01,HONDURAS,0,PANAMA
2020-06-01,INDIA,5,PANAMA
2020-06-01,IRAN,0,PANAMA
2020-06-01,KYRGYZSTAN,0,PANAMA
2020-06-01,LEBANON,0,PANAMA
2020-06-01,LIBERIA,0,PANAMA
2020-06-01,MALI,0,PANAMA
2020-06-01,MAURITANIA,0,PANAMA
2020-06-01,MEXICO,0,PANAMA
2020-06-01,NEPAL,4,PANAMA
2020-06-01,NICARAGUA,0,PANAMA
2020-06-01,NIGERIA,0,PANAMA
2020-06-01,OTHER,0,PANAMA
2020-06-01,PAKISTAN,0,PANAMA
2020-06-01,PALESTINE,0,PANAMA
2020-06-01,PANAMA,3,PANAMA
2020-06-01,PARAGUAY,0,PANAMA
2020-06-01,PERU,0,PANAMA
2020-06-01,SENEGAL,0,PANAMA
2020-06-01,SIERRA LEONE,0,PANAMA
2020-06-01,SOMALIA,0,PANAMA
2020-06-01,SRI LANKA,0,PANAMA
2020-06-01,SUDAN,0,PANAMA
2020-06-01,SYRIA,0,PANAMA
2020-06-01,TAJIKISTAN,0,PANAMA
2020-06-01,TOGO,0,PANAMA
2020-06-01,URUGUAY,0,PANAMA
2020-06-01,UZBEKISTAN,0,PANAMA
2020-06-01,VENEZUELA,2,PANAMA
2020-06-01,VIETNAM,0,PANAMA
2020-06-01,YEMEN,0,PANAMA
2020-05-01,AFGHANISTAN,0,PANAMA
2020-05-01,AFRICA,0,PANAMA
2020-05-01,ANGOLA,0,PANAMA
2020-05-01,ARGENTINA,0,PANAMA
2020-05-01,BANGLADESH,0,PANAMA
2020-05-01,BENIN,0,PANAMA
2020-05-01,BOLIVIA,0,PANAMA
2020-05-01,BRAZIL,0,PANAMA
2020-05-01,BURKINA FASO,0,PANAMA
2020-05-01,BURUNDI,0,PANAMA
2020-05-01,CAMEROON,0,PANAMA
2020-05-01,CHAD,0,PANAMA
2020-05-01,CHILE,0,PANAMA
2020-05-01,CHINA,0,PANAMA
2020-05-01,COLOMBIA,0,PANAMA
2020-05-01,CONGO - BRAZZAVILLE,0,PANAMA
2020-05-01,CÔTE D’IVOIRE,0,PANAMA
2020-05-01,CUBA,0,PANAMA
2020-05-01,DOMINICAN REPUBLIC,0,PANAMA
2020-05-01,ECUADOR,0,PANAMA
2020-05-01,EGYPT,0,PANAMA
2020-05-01,EL SALVADOR,0,PANAMA
2020-05-01,ERITREA,0,PANAMA
2020-05-01,ETHIOPIA,0,PANAMA
2020-05-01,FRENCH GUIANA,0,PANAMA
2020-05-01,GAMBIA,0,PANAMA
2020-05-01,GHANA,0,PANAMA
2020-05-01,GUATEMALA,0,PANAMA
2020-05-01,GUINEA,0,PANAMA
2020-05-01,GUYANA,0,PANAMA
2020-05-01,HAITI,0,PANAMA
2020-05-01,HONDURAS,0,PANAMA
2020-05-01,INDIA,0,PANAMA
2020-05-01,IRAN,0,PANAMA
2020-05-01,KYRGYZSTAN,0,PANAMA
2020-05-01,LEBANON,0,PANAMA
2020-05-01,LIBERIA,0,PANAMA
2020-05-01,MALI,0,PANAMA
2020-05-01,MAURITANIA,0,PANAMA
2020-05-01,MEXICO,0,PANAMA
2020-05-01,NEPAL,0,PANAMA
2020-05-01,NICARAGUA,0,PANAMA
2020-05-01,NIGERIA,0,PANAMA
2020-05-01,OTHER,0,PANAMA
2020-05-01,PAKISTAN,0,PANAMA
2020-05-01,PALESTINE,0,PANAMA
2020-05-01,PANAMA,0,PANAMA
2020-05-01,PARAGUAY,0,PANAMA
2020-05-01,PERU,0,PANAMA
2020-05-01,SENEGAL,0,PANAMA
2020-05-01,SIERRA LEONE,0,PANAMA
2020-05-01,SOMALIA,0,PANAMA
2020-05-01,SRI LANKA,0,PANAMA
2020-05-01,SUDAN,0,PANAMA
2020-05-01,SYRIA,0,PANAMA
2020-05-01,TAJIKISTAN,0,PANAMA
2020-05-01,TOGO,0,PANAMA
2020-05-01,URUGUAY,0,PANAMA
2020-05-01,UZBEKISTAN,0,PANAMA
2020-05-01,VENEZUELA,0,PANAMA
2020-05-01,VIETNAM,0,PANAMA
2020-05-01,YEMEN,0,PANAMA
2020-04-01,AFGHANISTAN,0,PANAMA
2020-04-01,AFRICA,0,PANAMA
2020-04-01,ANGOLA,0,PANAMA
2020-04-01,ARGENTINA,0,PANAMA
2020-04-01,BANGLADESH,0,PANAMA
2020-04-01,BENIN,0,PANAMA
2020-04-01,BOLIVIA,0,PANAMA
2020-04-01,BRAZIL,0,PANAMA
2020-04-01,BURKINA FASO,0,PANAMA
2020-04-01,BURUNDI,0,PANAMA
2020-04-01,CAMEROON,0,PANAMA
2020-04-01,CHAD,0,PANAMA
2020-04-01,CHILE,0,PANAMA
2020-04-01,CHINA,0,PANAMA
2020-04-01,COLOMBIA,0,PANAMA
2020-04-01,CONGO - BRAZZAVILLE,0,PANAMA
2020-04-01,CÔTE D’IVOIRE,0,PANAMA
2020-04-01,CUBA,0,PANAMA
2020-04-01,DOMINICAN REPUBLIC,0,PANAMA
2020-04-01,ECUADOR,0,PANAMA
2020-04-01,EGYPT,0,PANAMA
2020-04-01,EL SALVADOR,0,PANAMA
2020-04-01,ERITREA,0,PANAMA
2020-04-01,ETHIOPIA,0,PANAMA
2020-04-01,FRENCH GUIANA,0,PANAMA
2020-04-01,GAMBIA,0,PANAMA
2020-04-01,GHANA,0,PANAMA
2020-04-01,GUATEMALA,0,PANAMA
2020-04-01,GUINEA,0,PANAMA
2020-04-01,GUYANA,0,PANAMA
2020-04-01,HAITI,0,PANAMA
2020-04-01,HONDURAS,0,PANAMA
2020-04-01,INDIA,0,PANAMA
2020-04-01,IRAN,0,PANAMA
2020-04-01,KYRGYZSTAN,0,PANAMA
2020-04-01,LEBANON,0,PANAMA
2020-04-01,LIBERIA,0,PANAMA
2020-04-01,MALI,0,PANAMA
2020-04-01,MAURITANIA,0,PANAMA
2020-04-01,MEXICO,0,PANAMA
2020-04-01,NEPAL,0,PANAMA
2020-04-01,NICARAGUA,0,PANAMA
2020-04-01,NIGERIA,0,PANAMA
2020-04-01,OTHER,0,PANAMA
2020-04-01,PAKISTAN,0,PANAMA
2020-04-01,PALESTINE,0,PANAMA
2020-04-01,PANAMA,0,PANAMA
2020-04-01,PARAGUAY,0,PANAMA
2020-04-01,PERU,0,PANAMA
2020-04-01,SENEGAL,0,PANAMA
2020-04-01,SIERRA LEONE,0,PANAMA
2020-04-01,SOMALIA,0,PANAMA
2020-04-01,SRI LANKA,0,PANAMA
2020-04-01,SUDAN,0,PANAMA
2020-04-01,SYRIA,0,PANAMA
2020-04-01,TAJIKISTAN,0,PANAMA
2020-04-01,TOGO,0,PANAMA
2020-04-01,URUGUAY,0,PANAMA
2020-04-01,UZBEKISTAN,0,PANAMA
2020-04-01,VENEZUELA,0,PANAMA
2020-04-01,VIETNAM,0,PANAMA
2020-04-01,YEMEN,0,PANAMA
2020-03-01,AFGHANISTAN,0,PANAMA
2020-03-01,AFRICA,0,PANAMA
2020-03-01,ANGOLA,5,PANAMA
2020-03-01,ARGENTINA,0,PANAMA
2020-03-01,BANGLADESH,10,PANAMA
2020-03-01,BENIN,0,PANAMA
2020-03-01,BOLIVIA,0,PANAMA
2020-03-01,BRAZIL,44,PANAMA
2020-03-01,BURKINA FASO,2,PANAMA
2020-03-01,BURUNDI,0,PANAMA
2020-03-01,CAMEROON,2,PANAMA
2020-03-01,CHAD,0,PANAMA
2020-03-01,CHILE,151,PANAMA
2020-03-01,CHINA,0,PANAMA
2020-03-01,COLOMBIA,2,PANAMA
2020-03-01,CONGO - BRAZZAVILLE,12,PANAMA
2020-03-01,CÔTE D’IVOIRE,6,PANAMA
2020-03-01,CUBA,16,PANAMA
2020-03-01,DOMINICAN REPUBLIC,0,PANAMA
2020-03-01,ECUADOR,6,PANAMA
2020-03-01,EGYPT,0,PANAMA
2020-03-01,EL SALVADOR,0,PANAMA
2020-03-01,ERITREA,9,PANAMA
2020-03-01,ETHIOPIA,0,PANAMA
2020-03-01,FRENCH GUIANA,0,PANAMA
2020-03-01,GAMBIA,0,PANAMA
2020-03-01,GHANA,3,PANAMA
2020-03-01,GUATEMALA,0,PANAMA
2020-03-01,GUINEA,8,PANAMA
2020-03-01,GUYANA,0,PANAMA
2020-03-01,HAITI,777,PANAMA
2020-03-01,HONDURAS,0,PANAMA
2020-03-01,INDIA,7,PANAMA
2020-03-01,IRAN,0,PANAMA
2020-03-01,KYRGYZSTAN,0,PANAMA
2020-03-01,LEBANON,0,PANAMA
2020-03-01,LIBERIA,1,PANAMA
2020-03-01,MALI,3,PANAMA
2020-03-01,MAURITANIA,4,PANAMA
2020-03-01,MEXICO,0,PANAMA
2020-03-01,NEPAL,4,PANAMA
2020-03-01,NICARAGUA,0,PANAMA
2020-03-01,NIGERIA,0,PANAMA
2020-03-01,OTHER,0,PANAMA
2020-03-01,PAKISTAN,4,PANAMA
2020-03-01,PALESTINE,0,PANAMA
2020-03-01,PANAMA,2,PANAMA
2020-03-01,PARAGUAY,0,PANAMA
2020-03-01,PERU,0,PANAMA
2020-03-01,SENEGAL,3,PANAMA
2020-03-01,SIERRA LEONE,5,PANAMA
2020-03-01,SOMALIA,0,PANAMA
2020-03-01,SRI LANKA,7,PANAMA
2020-03-01,SUDAN,2,PANAMA
2020-03-01,SYRIA,0,PANAMA
2020-03-01,TAJIKISTAN,0,PANAMA
2020-03-01,TOGO,0,PANAMA
2020-03-01,URUGUAY,0,PANAMA
2020-03-01,UZBEKISTAN,0,PANAMA
2020-03-01,VENEZUELA,3,PANAMA
2020-03-01,VIETNAM,1,PANAMA
2020-03-01,YEMEN,0,PANAMA
2020-02-01,AFGHANISTAN,0,PANAMA
2020-02-01,AFRICA,0,PANAMA
2020-02-01,ANGOLA,11,PANAMA
2020-02-01,ARGENTINA,0,PANAMA
2020-02-01,BANGLADESH,48,PANAMA
2020-02-01,BENIN,1,PANAMA
2020-02-01,BOLIVIA,0,PANAMA
2020-02-01,BRAZIL,89,PANAMA
2020-02-01,BURKINA FASO,3,PANAMA
2020-02-01,BURUNDI,0,PANAMA
2020-02-01,CAMEROON,13,PANAMA
2020-02-01,CHAD,0,PANAMA
2020-02-01,CHILE,125,PANAMA
2020-02-01,CHINA,0,PANAMA
2020-02-01,COLOMBIA,2,PANAMA
2020-02-01,CONGO - BRAZZAVILLE,30,PANAMA
2020-02-01,CÔTE D’IVOIRE,1,PANAMA
2020-02-01,CUBA,45,PANAMA
2020-02-01,DOMINICAN REPUBLIC,1,PANAMA
2020-02-01,ECUADOR,4,PANAMA
2020-02-01,EGYPT,0,PANAMA
2020-02-01,EL SALVADOR,0,PANAMA
2020-02-01,ERITREA,17,PANAMA
2020-02-01,ETHIOPIA,1,PANAMA
2020-02-01,FRENCH GUIANA,0,PANAMA
2020-02-01,GAMBIA,1,PANAMA
2020-02-01,GHANA,2,PANAMA
2020-02-01,GUATEMALA,0,PANAMA
2020-02-01,GUINEA,6,PANAMA
2020-02-01,GUYANA,0,PANAMA
2020-02-01,HAITI,1321,PANAMA
2020-02-01,HONDURAS,0,PANAMA
2020-02-01,INDIA,9,PANAMA
2020-02-01,IRAN,3,PANAMA
2020-02-01,KYRGYZSTAN,0,PANAMA
2020-02-01,LEBANON,1,PANAMA
2020-02-01,LIBERIA,0,PANAMA
2020-02-01,MALI,3,PANAMA
2020-02-01,MAURITANIA,6,PANAMA
2020-02-01,MEXICO,0,PANAMA
2020-02-01,NEPAL,17,PANAMA
2020-02-01,NICARAGUA,1,PANAMA
2020-02-01,NIGERIA,2,PANAMA
2020-02-01,OTHER,0,PANAMA
2020-02-01,PAKISTAN,3,PANAMA
2020-02-01,PALESTINE,0,PANAMA
2020-02-01,PANAMA,1,PANAMA
2020-02-01,PARAGUAY,0,PANAMA
2020-02-01,PERU,0,PANAMA
2020-02-01,SENEGAL,6,PANAMA
2020-02-01,SIERRA LEONE,7,PANAMA
2020-02-01,SOMALIA,3,PANAMA
2020-02-01,SRI LANKA,8,PANAMA
2020-02-01,SUDAN,2,PANAMA
2020-02-01,SYRIA,4,PANAMA
2020-02-01,TAJIKISTAN,0,PANAMA
2020-02-01,TOGO,8,PANAMA
2020-02-01,URUGUAY,0,PANAMA
2020-02-01,UZBEKISTAN,0,PANAMA
2020-02-01,VENEZUELA,20,PANAMA
2020-02-01,VIETNAM,0,PANAMA
2020-02-01,YEMEN,0,PANAMA
2020-01-01,AFGHANISTAN,0,PANAMA
2020-01-01,AFRICA,0,PANAMA
2020-01-01,ANGOLA,6,PANAMA
2020-01-01,ARGENTINA,0,PANAMA
2020-01-01,BANGLADESH,16,PANAMA
2020-01-01,BENIN,3,PANAMA
2020-01-01,BOLIVIA,0,PANAMA
2020-01-01,BRAZIL,56,PANAMA
2020-01-01,BURKINA FASO,1,PANAMA
2020-01-01,BURUNDI,0,PANAMA
2020-01-01,CAMEROON,18,PANAMA
2020-01-01,CHAD,0,PANAMA
2020-01-01,CHILE,135,PANAMA
2020-01-01,CHINA,0,PANAMA
2020-01-01,COLOMBIA,0,PANAMA
2020-01-01,CONGO - BRAZZAVILLE,7,PANAMA
2020-01-01,CÔTE D’IVOIRE,2,PANAMA
2020-01-01,CUBA,48,PANAMA
2020-01-01,DOMINICAN REPUBLIC,0,PANAMA
2020-01-01,ECUADOR,11,PANAMA
2020-01-01,EGYPT,0,PANAMA
2020-01-01,EL SALVADOR,0,PANAMA
2020-01-01,ERITREA,8,PANAMA
2020-01-01,ETHIOPIA,0,PANAMA
2020-01-01,FRENCH GUIANA,0,PANAMA
2020-01-01,GAMBIA,0,PANAMA
2020-01-01,GHANA,3,PANAMA
2020-01-01,GUATEMALA,0,PANAMA
2020-01-01,GUINEA,1,PANAMA
2020-01-01,GUYANA,1,PANAMA
2020-01-01,HAITI,1141,PANAMA
2020-01-01,HONDURAS,0,PANAMA
2020-01-01,INDIA,7,PANAMA
2020-01-01,IRAN,0,PANAMA
2020-01-01,KYRGYZSTAN,0,PANAMA
2020-01-01,LEBANON,0,PANAMA
2020-01-01,LIBERIA,0,PANAMA
2020-01-01,MALI,1,PANAMA
2020-01-01,MAURITANIA,6,PANAMA
2020-01-01,MEXICO,0,PANAMA
2020-01-01,NEPAL,26,PANAMA
2020-01-01,NICARAGUA,0,PANAMA
2020-01-01,NIGERIA,0,PANAMA
2020-01-01,OTHER,0,PANAMA
2020-01-01,PAKISTAN,2,PANAMA
2020-01-01,PALESTINE,0,PANAMA
2020-01-01,PANAMA,0,PANAMA
2020-01-01,PARAGUAY,0,PANAMA
2020-01-01,PERU,0,PANAMA
2020-01-01,SENEGAL,3,PANAMA
2020-01-01,SIERRA LEONE,6,PANAMA
2020-01-01,SOMALIA,0,PANAMA
2020-01-01,SRI LANKA,19,PANAMA
2020-01-01,SUDAN,1,PANAMA
2020-01-01,SYRIA,0,PANAMA
2020-01-01,TAJIKISTAN,0,PANAMA
2020-01-01,TOGO,1,PANAMA
2020-01-01,URUGUAY,0,PANAMA
2020-01-01,UZBEKISTAN,0,PANAMA
2020-01-01,VENEZUELA,9,PANAMA
2020-01-01,VIETNAM,0,PANAMA
2020-01-01,YEMEN,0,PANAMA
